"source_order_no","source_line_id","source_product_code","source_description","group_code","process_code","production_units","raw_release_value","exception_reason"
"130128556","1","HCL-0417-147-OS","WOMENS CASUAL CAP - PALM ICON","CUSTOM EMB","CUSTOM_EMB","0","Y","CUSTOM_EMB_UNSUPPORTED"
"130128556","2","HCM-1011-100-OS","MENS STRUCTURED CAP - TRI WAVE","CUSTOM EMB","CUSTOM_EMB","0","Y","CUSTOM_EMB_UNSUPPORTED"
"130128556","3","HCM-1019-318-OS","MENS TRUCKER CAP - BOARD STACK","CUSTOM EMB","CUSTOM_EMB","0","Y","CUSTOM_EMB_UNSUPPORTED"
"130128556","4","HCM-1043-619-OS","MENS 5 PANEL CAP - SUN DIAL","CUSTOM EMB","CUSTOM_EMB","0","Y","CUSTOM_EMB_UNSUPPORTED"
"130129468","1","HCL-0417-147-OS","WOMENS CASUAL CAP - PALM ICON","CUSTOM EMB","CUSTOM_EMB","0","Y","CUSTOM_EMB_UNSUPPORTED"
"130129468","2","HCM-1010-723-OS","MENS STRUCTURED CAP - SURF DIAMOND","CUSTOM EMB","CUSTOM_EMB","0","Y","CUSTOM_EMB_UNSUPPORTED"
"130129468","3","HCM-1015-607-OS","MENS CASUAL CAP - MARLIN","CUSTOM EMB","CUSTOM_EMB","0","Y","CUSTOM_EMB_UNSUPPORTED"
"130129468","4","HCM-1016-147-OS","MENS CASUAL CAP - COMBI PATCH","CUSTOM EMB","CUSTOM_EMB","0","Y","CUSTOM_EMB_UNSUPPORTED"
"130135779","33","AJB-0020-999-OS","BOYS SLAP BAND - AUST SURFARI","FINISHED","FINISHED_GOODS","0","Y","NON_PRODUCTION / FINISHED"
"130135779","34","AJG-0023-999-OS","GIRLS SLAP BAND - CUTE KOALA","FINISHED","FINISHED_GOODS","0","Y","NON_PRODUCTION / FINISHED"
"130136497","113","ASG-0013-999-OS","GIRLS BAG TAG SC - I LOVE THE BEACH","FINISHED","FINISHED_GOODS","0","Y","NON_PRODUCTION / FINISHED"
"130136497","137","ATB-0002-999-OS","BOYS PUFF STICKER PACK - AUSTRALIANA","FINISHED","FINISHED_GOODS","0","Y","NON_PRODUCTION / FINISHED"
"130136497","146","ATG-0001-999-OS","GIRLS PUFF STICKER PACK - COASTAL","FINISHED","FINISHED_GOODS","0","Y","NON_PRODUCTION / FINISHED"
"130136497","147","ATG-0002-999-OS","GIRLS PUFF STICKER PACK - AUSTRALIANA","FINISHED","FINISHED_GOODS","0","Y","NON_PRODUCTION / FINISHED"
"130136497","54","AJB-0020-999-OS","BOYS SLAP BAND - AUST SURFARI","FINISHED","FINISHED_GOODS","0","Y","NON_PRODUCTION / FINISHED"
"130136497","55","AJB-0021-999-OS","BOYS SLAP BAND - BITE ME","FINISHED","FINISHED_GOODS","0","Y","NON_PRODUCTION / FINISHED"
"130136497","56","AJG-0041-999-OS","GIRLS BRACELET FIMO - MERMAID","FINISHED","FINISHED_GOODS","0","Y","NON_PRODUCTION / FINISHED"
"130136497","57","AJG-0044-999-OS","GIRLS BRACELET FIMO - TURTLE","FINISHED","FINISHED_GOODS","0","Y","NON_PRODUCTION / FINISHED"
"130136497","58","AJG-0045-999-OS","GIRLS BRACELET FIMO - KOALA MUM","FINISHED","FINISHED_GOODS","0","Y","NON_PRODUCTION / FINISHED"
"130136497","59","AJG-0054-999-OS","GIRLS NECKLACE FIMO - TURTLE","FINISHED","FINISHED_GOODS","0","Y","NON_PRODUCTION / FINISHED"
"130136497","60","AJG-0153-999-OS","GIRLS STICK ON EARRINGS - COASTAL","FINISHED","FINISHED_GOODS","0","Y","NON_PRODUCTION / FINISHED"
"130136497","63","AJG-0166-999-OS","GIRLS CHARM BRACELET - MERMAID","FINISHED","FINISHED_GOODS","0","Y","NON_PRODUCTION / FINISHED"
"130136497","64","AJG-0172-999-OS","GIRLS BFF BRACELETS - MERMAID/SEAHORSE","FINISHED","FINISHED_GOODS","0","Y","NON_PRODUCTION / FINISHED"
"130136497","65","AJG-0176-999-OS","GIRLS HAIR CLIPS - MERMAID","FINISHED","FINISHED_GOODS","0","Y","NON_PRODUCTION / FINISHED"
"130136497","66","AJG-0177-999-OS","GIRLS HAIR CLIPS - KOALA","FINISHED","FINISHED_GOODS","0","Y","NON_PRODUCTION / FINISHED"
"130136497","67","AJG-0179-999-OS","GIRLS HAIR CLIPS - TURTLE","FINISHED","FINISHED_GOODS","0","Y","NON_PRODUCTION / FINISHED"
"130136605","14","CBX-0718-228-1","BABY GIRLS JOGGER PANT - SUMMER DOLPHIN","FINISHED","FINISHED_GOODS","0","Y","NON_PRODUCTION / FINISHED"
"130136605","4","BHB-0002-612-BL","BOYS WET HAT - SURF ADVENTURE","FINISHED","FINISHED_GOODS","0","Y","NON_PRODUCTION / FINISHED"
"130136605","40","SOB-0001-612-SS","BOYS FLIP FLOP - SURF ADVENTURE","FINISHED","FINISHED_GOODS","0","Y","NON_PRODUCTION / FINISHED"
"130136605","41","SOG-0929-999-SXS","GIRLS FLIP FLOP - RAINBOW COMBI","FINISHED","FINISHED_GOODS","0","Y","NON_PRODUCTION / FINISHED"
"130136605","5","BLM-1076-376-L","MENS BOARDSHORT - ALOHA","FINISHED","FINISHED_GOODS","0","Y","NON_PRODUCTION / FINISHED"
"130136605","6","BLM-1077-603-L","MENS BOARDSHORT - PALOMA","FINISHED","FINISHED_GOODS","0","Y","NON_PRODUCTION / FINISHED"
"130136605","7","BLM-1079-314-M","MENS BOARDSHORT - ISLANDS","FINISHED","FINISHED_GOODS","0","Y","NON_PRODUCTION / FINISHED"
"130136605","8","BLM-1081-349-32","MENS BOARDSHORT - HORIZON","FINISHED","FINISHED_GOODS","0","Y","NON_PRODUCTION / FINISHED"
"130136605","9","BLM-1083-141-32","MENS BOARDSHORT - MARISOL","FINISHED","FINISHED_GOODS","0","Y","NON_PRODUCTION / FINISHED"
"130129729","1","HBB-1591-374-S","BOYS BUCKET - MACKAY","HATS","HATS","0","Y","UNSUPPORTED_ROUTING"
"130129729","10","HMB-1750-300-S","BOYS WIDE BRIM - CHRIS","HATS","HATS","0","Y","UNSUPPORTED_ROUTING"
"130129729","100","HWG-1605-418-L","GIRLS WIDE BRIM - DARLING","HATS","HATS","0","Y","UNSUPPORTED_ROUTING"
"130129729","101","HWG-1605-418-S","GIRLS WIDE BRIM - DARLING","HATS","HATS","0","Y","UNSUPPORTED_ROUTING"
"130129729","102","HWG-1763-401-L","GIRLS WIDE BRIM - MADORA","HATS","HATS","0","Y","UNSUPPORTED_ROUTING"
"130129729","103","HWG-1763-401-S","GIRLS WIDE BRIM - MADORA","HATS","HATS","0","Y","UNSUPPORTED_ROUTING"
"130129729","11","HMX-1757-999-L","BABY GIRLS BUCKET - INDEE","HATS","HATS","0","Y","UNSUPPORTED_ROUTING"
"130129729","12","HBB-1591-374-L","BOYS BUCKET - MACKAY","HATS","HATS","0","Y","UNSUPPORTED_ROUTING"
"130129729","13","HBB-1631-601-L","BOYS WIDE BRIM - FINKE","HATS","HATS","0","Y","UNSUPPORTED_ROUTING"
"130129729","14","HBB-1631-601-S","BOYS WIDE BRIM - FINKE","HATS","HATS","0","Y","UNSUPPORTED_ROUTING"
"130129729","15","HBB-1632-999-L","BOYS BUCKET - ROKO","HATS","HATS","0","Y","UNSUPPORTED_ROUTING"
"130129729","16","HBB-1632-999-S","BOYS BUCKET - ROKO","HATS","HATS","0","Y","UNSUPPORTED_ROUTING"
"130129729","17","HBB-1635-612-L","BOYS WIDE BRIM - NORFOLK","HATS","HATS","0","Y","UNSUPPORTED_ROUTING"
"130129729","18","HBB-1635-612-S","BOYS WIDE BRIM - NORFOLK","HATS","HATS","0","Y","UNSUPPORTED_ROUTING"
"130129729","19","HBB-1636-999-L","BOYS BUCKET - BREAKER","HATS","HATS","0","Y","UNSUPPORTED_ROUTING"
"130129729","2","HBB-1699-300-S","BOYS BUCKET - DEEP SEA DIVER","HATS","HATS","0","Y","UNSUPPORTED_ROUTING"
"130129729","20","HBB-1636-999-S","BOYS BUCKET - BREAKER","HATS","HATS","0","Y","UNSUPPORTED_ROUTING"
"130129729","21","HBB-1639-615-L","BOYS WIDE BRIM - COUGAL","HATS","HATS","0","Y","UNSUPPORTED_ROUTING"
"130129729","22","HBB-1639-615-S","BOYS WIDE BRIM - COUGAL","HATS","HATS","0","Y","UNSUPPORTED_ROUTING"
"130129729","23","HBB-1640-300-L","BOYS WIDE BRIM - LARAPINTA","HATS","HATS","0","Y","UNSUPPORTED_ROUTING"
"130129729","24","HBB-1640-300-S","BOYS WIDE BRIM - LARAPINTA","HATS","HATS","0","Y","UNSUPPORTED_ROUTING"
"130129729","25","HBB-1674-374-L","BOYS BUCKET - SWELL","HATS","HATS","0","Y","UNSUPPORTED_ROUTING"
"130129729","26","HBB-1674-374-S","BOYS BUCKET - SWELL","HATS","HATS","0","Y","UNSUPPORTED_ROUTING"
"130129729","27","HBB-1699-300-L","BOYS BUCKET - DEEP SEA DIVER","HATS","HATS","0","Y","UNSUPPORTED_ROUTING"
"130129729","28","HBB-1728-300-L","BOYS WIDE BRIM - WAVE BREAK","HATS","HATS","0","Y","UNSUPPORTED_ROUTING"
"130129729","29","HBB-1728-300-S","BOYS WIDE BRIM - WAVE BREAK","HATS","HATS","0","Y","UNSUPPORTED_ROUTING"
"130129729","3","HBG-1584-300-L","GIRLS WIDE BRIM - AINSLIE","HATS","HATS","0","Y","UNSUPPORTED_ROUTING"
"130129729","30","HBB-1736-612-L","BOYS WIDE BRIM - BREMER","HATS","HATS","0","Y","UNSUPPORTED_ROUTING"
"130129729","31","HBB-1736-612-S","BOYS WIDE BRIM - BREMER","HATS","HATS","0","Y","UNSUPPORTED_ROUTING"
"130129729","32","HBB-1745-608-L","BOYS BUCKET - KARUAH","HATS","HATS","0","Y","UNSUPPORTED_ROUTING"
"130129729","33","HBB-1745-608-S","BOYS BUCKET - KARUAH","HATS","HATS","0","Y","UNSUPPORTED_ROUTING"
"130129729","34","HBB-1746-608-L","BOYS BUCKET - KOBY","HATS","HATS","0","Y","UNSUPPORTED_ROUTING"
"130129729","35","HBB-1746-608-S","BOYS BUCKET - KOBY","HATS","HATS","0","Y","UNSUPPORTED_ROUTING"
"130129729","36","HBB-1751-214-L","BOYS BUCKET - FINN","HATS","HATS","0","Y","UNSUPPORTED_ROUTING"
"130129729","37","HBB-1751-214-S","BOYS BUCKET - FINN","HATS","HATS","0","Y","UNSUPPORTED_ROUTING"
"130129729","38","HBB-1761-300-L","BOYS BUCKET - REEF","HATS","HATS","0","Y","UNSUPPORTED_ROUTING"
"130129729","39","HBB-1761-300-S","BOYS BUCKET - REEF","HATS","HATS","0","Y","UNSUPPORTED_ROUTING"
"130129729","4","HBG-1606-322-L","GIRLS WIDE BRIM - LUCKY BAY","HATS","HATS","0","Y","UNSUPPORTED_ROUTING"
"130129729","40","HBB-1770-603-L","BOYS BUCKET - DALY","HATS","HATS","0","Y","UNSUPPORTED_ROUTING"
"130129729","41","HBB-1770-603-S","BOYS BUCKET - DALY","HATS","HATS","0","Y","UNSUPPORTED_ROUTING"
"130129729","42","HBG-1584-300-S","GIRLS WIDE BRIM - AINSLIE","HATS","HATS","0","Y","UNSUPPORTED_ROUTING"
"130129729","43","HBG-1600-345-L","GIRLS BUCKET - SKYE","HATS","HATS","0","Y","UNSUPPORTED_ROUTING"
"130129729","44","HBG-1600-345-S","GIRLS BUCKET - SKYE","HATS","HATS","0","Y","UNSUPPORTED_ROUTING"
"130129729","45","HBG-1601-806-L","GIRLS BUCKET - GOLDIE","HATS","HATS","0","Y","UNSUPPORTED_ROUTING"
"130129729","46","HBG-1601-806-S","GIRLS BUCKET - GOLDIE","HATS","HATS","0","Y","UNSUPPORTED_ROUTING"
"130129729","47","HBG-1602-305-L","GIRLS BUCKET - LUCIA","HATS","HATS","0","Y","UNSUPPORTED_ROUTING"
"130129729","48","HBG-1602-305-S","GIRLS BUCKET - LUCIA","HATS","HATS","0","Y","UNSUPPORTED_ROUTING"
"130129729","49","HBG-1604-999-L","GIRLS BUCKET - QUEENIE","HATS","HATS","0","Y","UNSUPPORTED_ROUTING"
"130129729","5","HBG-1698-400-S","GIRLS WIDE BRIM - STREAKY BAY","HATS","HATS","0","Y","UNSUPPORTED_ROUTING"
"130129729","50","HBG-1604-999-S","GIRLS BUCKET - QUEENIE","HATS","HATS","0","Y","UNSUPPORTED_ROUTING"
"130129729","51","HBG-1606-322-S","GIRLS WIDE BRIM - LUCKY BAY","HATS","HATS","0","Y","UNSUPPORTED_ROUTING"
"130129729","52","HBG-1648-999-L","GIRLS BUCKET - MARISOL","HATS","HATS","0","Y","UNSUPPORTED_ROUTING"
"130129729","53","HBG-1648-999-S","GIRLS BUCKET - MARISOL","HATS","HATS","0","Y","UNSUPPORTED_ROUTING"
"130129729","54","HBG-1694-300-L","GIRLS WIDE BRIM - MIA","HATS","HATS","0","Y","UNSUPPORTED_ROUTING"
"130129729","55","HBG-1694-300-S","GIRLS WIDE BRIM - MIA","HATS","HATS","0","Y","UNSUPPORTED_ROUTING"
"130129729","56","HBG-1698-400-L","GIRLS WIDE BRIM - STREAKY BAY","HATS","HATS","0","Y","UNSUPPORTED_ROUTING"
"130129729","57","HBG-1735-300-L","GIRLS WIDE BRIM - PEARL","HATS","HATS","0","Y","UNSUPPORTED_ROUTING"
"130129729","58","HBG-1735-300-S","GIRLS WIDE BRIM - PEARL","HATS","HATS","0","Y","UNSUPPORTED_ROUTING"
"130129729","59","HBG-1740-300-L","GIRLS BUCKET - TROPICS","HATS","HATS","0","Y","UNSUPPORTED_ROUTING"
"130129729","6","HBG-1740-300-S","GIRLS BUCKET - TROPICS","HATS","HATS","0","Y","UNSUPPORTED_ROUTING"
"130129729","60","HBG-1742-999-L","GIRLS WIDE BRIM - TIPPY","HATS","HATS","0","Y","UNSUPPORTED_ROUTING"
"130129729","61","HBG-1742-999-S","GIRLS WIDE BRIM - TIPPY","HATS","HATS","0","Y","UNSUPPORTED_ROUTING"
"130129729","62","HBG-1769-345-L","GIRLS BUCKET - DALY","HATS","HATS","0","Y","UNSUPPORTED_ROUTING"
"130129729","63","HBG-1769-345-S","GIRLS BUCKET - DALY","HATS","HATS","0","Y","UNSUPPORTED_ROUTING"
"130129729","64","HBX-1581-999-L","BABY GIRLS BUCKET - MURPHY","HATS","HATS","0","Y","UNSUPPORTED_ROUTING"
"130129729","65","HBX-1581-999-S","BABY GIRLS BUCKET - MURPHY","HATS","HATS","0","Y","UNSUPPORTED_ROUTING"
"130129729","66","HBX-1593-300-L","BABY GIRLS BUCKET - JARDINE","HATS","HATS","0","Y","UNSUPPORTED_ROUTING"
"130129729","67","HBX-1593-300-S","BABY GIRLS BUCKET - JARDINE","HATS","HATS","0","Y","UNSUPPORTED_ROUTING"
"130129729","68","HBX-1756-400-L","BABY GIRLS BUCKET - KIAMA","HATS","HATS","0","Y","UNSUPPORTED_ROUTING"
"130129729","69","HBX-1756-400-S","BABY GIRLS BUCKET - KIAMA","HATS","HATS","0","Y","UNSUPPORTED_ROUTING"
"130129729","7","HBX-1773-300-L","BABY GIRLS BUCKET - MIA MINI","HATS","HATS","0","Y","UNSUPPORTED_ROUTING"
"130129729","70","HBX-1766-403-L","BABY GIRLS BUCKET - DALY MINI","HATS","HATS","0","Y","UNSUPPORTED_ROUTING"
"130129729","71","HBX-1766-403-S","BABY GIRLS BUCKET - DALY MINI","HATS","HATS","0","Y","UNSUPPORTED_ROUTING"
"130129729","72","HBY-1608-345-L","BABY BOYS BUCKET - EMERY JNR","HATS","HATS","0","Y","UNSUPPORTED_ROUTING"
"130129729","73","HBY-1608-345-S","BABY BOYS BUCKET - EMERY JNR","HATS","HATS","0","Y","UNSUPPORTED_ROUTING"
"130129729","74","HBY-1621-300-L","BABY BOYS BUCKET - HEYSEN","HATS","HATS","0","Y","UNSUPPORTED_ROUTING"
"130129729","75","HBY-1621-300-S","BABY BOYS BUCKET - HEYSEN","HATS","HATS","0","Y","UNSUPPORTED_ROUTING"
"130129729","76","HBY-1731-300-L","BABY BOYS BUCKET - DEEP SEA","HATS","HATS","0","Y","UNSUPPORTED_ROUTING"
"130129729","77","HBY-1731-300-S","BABY BOYS BUCKET - DEEP SEA","HATS","HATS","0","Y","UNSUPPORTED_ROUTING"
"130129729","78","HBY-1744-999-L","BABY BOYS BUCKET - CHOMP","HATS","HATS","0","Y","UNSUPPORTED_ROUTING"
"130129729","79","HBY-1753-300-L","BABY BOYS BUCKET - NINGALOO","HATS","HATS","0","Y","UNSUPPORTED_ROUTING"
"130129729","8","HBX-1773-300-S","BABY GIRLS BUCKET - MIA MINI","HATS","HATS","0","Y","UNSUPPORTED_ROUTING"
"130129729","80","HBY-1753-300-S","BABY BOYS BUCKET - NINGALOO","HATS","HATS","0","Y","UNSUPPORTED_ROUTING"
"130129729","81","HBY-1767-603-L","BABY BOYS BUCKET - DALY MINI","HATS","HATS","0","Y","UNSUPPORTED_ROUTING"
"130129729","82","HBY-1767-603-S","BABY BOYS BUCKET - DALY MINI","HATS","HATS","0","Y","UNSUPPORTED_ROUTING"
"130129729","83","HCB-1642-100-OS","BOYS TRUCKER CAP - TORRES","HATS","HATS","0","Y","UNSUPPORTED_ROUTING"
"130129729","84","HCB-1643-300-OS","BOYS CLASSIC CAP - ELLIS","HATS","HATS","0","Y","UNSUPPORTED_ROUTING"
"130129729","85","HCG-1614-400-OS","GIRLS CAP - BLYTH","HATS","HATS","0","Y","UNSUPPORTED_ROUTING"
"130129729","86","HCG-1615-504-OS","GIRLS CAP - BROOKE","HATS","HATS","0","Y","UNSUPPORTED_ROUTING"
"130129729","87","HCG-1651-401-OS","GIRLS TRUCKER CAP - LEXIA","HATS","HATS","0","Y","UNSUPPORTED_ROUTING"
"130129729","88","HCU-1652-999-OS","BABY GIRLS CAP - TAMMIN","HATS","HATS","0","Y","UNSUPPORTED_ROUTING"
"130129729","89","HCX-1595-400-L","BABY GIRLS LEGIONNAIRE - NINA","HATS","HATS","0","Y","UNSUPPORTED_ROUTING"
"130129729","9","HBY-1744-999-S","BABY BOYS BUCKET - CHOMP","HATS","HATS","0","Y","UNSUPPORTED_ROUTING"
"130129729","90","HCX-1595-400-S","BABY GIRLS LEGIONNAIRE - NINA","HATS","HATS","0","Y","UNSUPPORTED_ROUTING"
"130129729","91","HCY-1624-612-L","BABY BOYS LEGIONNAIRE - WALKER","HATS","HATS","0","Y","UNSUPPORTED_ROUTING"
"130129729","92","HCY-1624-612-S","BABY BOYS LEGIONNAIRE - WALKER","HATS","HATS","0","Y","UNSUPPORTED_ROUTING"
"130129729","93","HCY-1627-309-OS","BABY BOYS CAP - GREGORY","HATS","HATS","0","Y","UNSUPPORTED_ROUTING"
"130129729","94","HMB-1750-300-L","BOYS WIDE BRIM - CHRIS","HATS","HATS","0","Y","UNSUPPORTED_ROUTING"
"130129729","95","HMG-1738-400-L","GIRLS WIDE BRIM - SWEETHEART","HATS","HATS","0","Y","UNSUPPORTED_ROUTING"
"130129729","96","HMG-1738-400-S","GIRLS WIDE BRIM - SWEETHEART","HATS","HATS","0","Y","UNSUPPORTED_ROUTING"
"130129729","97","HMX-1757-999-S","BABY GIRLS BUCKET - INDEE","HATS","HATS","0","Y","UNSUPPORTED_ROUTING"
"130129729","98","HRB-1647-500-OS","BOYS SURF BRAID - MAWSON","HATS","HATS","0","Y","UNSUPPORTED_ROUTING"
"130129729","99","HRG-1617-500-OS","GIRLS SURF STRAW - ELABANA","HATS","HATS","0","Y","UNSUPPORTED_ROUTING"
"130133226","1","HCM-0944-108-OS","MENS TRAPPER - TRAVERSE","HATS","HATS","0","Y","UNSUPPORTED_ROUTING"
"130133226","10","HNL-0394-612-OS","WOMENS BEANIE - DELILAH","HATS","HATS","0","Y","UNSUPPORTED_ROUTING"
"130133226","11","HNL-0406-152-OS","WOMENS BEANIE - ELLIS","HATS","HATS","0","Y","UNSUPPORTED_ROUTING"
"130133226","12","HNL-0406-314-OS","WOMENS BEANIE - ELLIS","HATS","HATS","0","Y","UNSUPPORTED_ROUTING"
"130133226","13","HNL-0406-515-OS","WOMENS BEANIE - ELLIS","HATS","HATS","0","Y","UNSUPPORTED_ROUTING"
"130133226","14","HNL-0406-733-OS","WOMENS BEANIE - ELLIS","HATS","HATS","0","Y","UNSUPPORTED_ROUTING"
"130133226","15","HNL-0412-215-OS","WOMENS BEANIE - HASTINGS","HATS","HATS","0","Y","UNSUPPORTED_ROUTING"
"130133226","16","HNL-0413-100-OS","WOMENS BEANIE - PAKINGTON","HATS","HATS","0","Y","UNSUPPORTED_ROUTING"
"130133226","17","HNL-0413-374-OS","WOMENS BEANIE - PAKINGTON","HATS","HATS","0","Y","UNSUPPORTED_ROUTING"
"130133226","18","HNL-0413-403-OS","WOMENS BEANIE - PAKINGTON","HATS","HATS","0","Y","UNSUPPORTED_ROUTING"
"130133226","19","HNL-0425-108-OS","WOMENS BEANIE - MORNINGTON","HATS","HATS","0","Y","UNSUPPORTED_ROUTING"
"130133226","2","HCM-0944-722-OS","MENS TRAPPER - TRAVERSE","HATS","HATS","0","Y","UNSUPPORTED_ROUTING"
"130133226","20","HNL-0433-615-OS","WOMENS BEANIE - YULARA","HATS","HATS","0","Y","UNSUPPORTED_ROUTING"
"130133226","21","HNM-0018-100-OS","MENS BEANIE - BOLARO","HATS","HATS","0","Y","UNSUPPORTED_ROUTING"
"130133226","22","HNM-0018-137-OS","MENS BEANIE - BOLARO","HATS","HATS","0","Y","UNSUPPORTED_ROUTING"
"130133226","23","HNM-0018-310-OS","MENS BEANIE - BOLARO","HATS","HATS","0","Y","UNSUPPORTED_ROUTING"
"130133226","24","HNM-0265-103-OS","MENS BEANIE - BRUNY","HATS","HATS","0","Y","UNSUPPORTED_ROUTING"
"130133226","25","HNM-0265-809-OS","MENS BEANIE - BRUNY","HATS","HATS","0","Y","UNSUPPORTED_ROUTING"
"130133226","26","HNM-0272-136-OS","MENS BEANIE - CONRAN","HATS","HATS","0","Y","UNSUPPORTED_ROUTING"
"130133226","27","HNM-0278-327-OS","MENS BEANIE - FOSTER","HATS","HATS","0","Y","UNSUPPORTED_ROUTING"
"130133226","28","HNM-0278-704-OS","MENS BEANIE - FOSTER","HATS","HATS","0","Y","UNSUPPORTED_ROUTING"
"130133226","29","HNL-0379-327-OS","WOMENS BEANIE - KENZO","HATS","HATS","0","Y","UNSUPPORTED_ROUTING"
"130133226","3","HNL-0023-100-OS","WOMENS BEANIE - JESS","HATS","HATS","0","Y","UNSUPPORTED_ROUTING"
"130133226","30","HNL-0394-148-OS","WOMENS BEANIE - DELILAH","HATS","HATS","0","Y","UNSUPPORTED_ROUTING"
"130133226","31","HNL-0394-723-OS","WOMENS BEANIE - DELILAH","HATS","HATS","0","Y","UNSUPPORTED_ROUTING"
"130133226","32","HNL-0401-215-OS","WOMENS BEANIE - MONROE","HATS","HATS","0","Y","UNSUPPORTED_ROUTING"
"130133226","33","HNL-0433-155-OS","WOMENS BEANIE - YULARA","HATS","HATS","0","Y","UNSUPPORTED_ROUTING"
"130133226","34","HNL-0433-500-OS","WOMENS BEANIE - YULARA","HATS","HATS","0","Y","UNSUPPORTED_ROUTING"
"130133226","35","HNL-0433-917-OS","WOMENS BEANIE - YULARA","HATS","HATS","0","Y","UNSUPPORTED_ROUTING"
"130133226","36","HNM-0018-103-OS","MENS BEANIE - BOLARO","HATS","HATS","0","Y","UNSUPPORTED_ROUTING"
"130133226","37","HNM-0018-607-OS","MENS BEANIE - BOLARO","HATS","HATS","0","Y","UNSUPPORTED_ROUTING"
"130133226","38","HNM-0018-723-OS","MENS BEANIE - BOLARO","HATS","HATS","0","Y","UNSUPPORTED_ROUTING"
"130133226","39","HNM-0258-148-OS","MENS BEANIE - HOPKINS","HATS","HATS","0","Y","UNSUPPORTED_ROUTING"
"130133226","4","HNL-0027-327-OS","WOMENS BEANIE - MAYA","HATS","HATS","0","Y","UNSUPPORTED_ROUTING"
"130133226","40","HNM-0267-100-OS","MENS BEANIE - HARVEST","HATS","HATS","0","Y","UNSUPPORTED_ROUTING"
"130133226","41","HNM-0267-327-OS","MENS BEANIE - HARVEST","HATS","HATS","0","Y","UNSUPPORTED_ROUTING"
"130133226","42","HNM-0272-607-OS","MENS BEANIE - CONRAN","HATS","HATS","0","Y","UNSUPPORTED_ROUTING"
"130133226","5","HNL-0393-137-OS","WOMENS BEANIE - TAMARA","HATS","HATS","0","Y","UNSUPPORTED_ROUTING"
"130133226","6","HNL-0393-400-OS","WOMENS BEANIE - TAMARA","HATS","HATS","0","Y","UNSUPPORTED_ROUTING"
"130133226","7","HNL-0393-609-OS","WOMENS BEANIE - TAMARA","HATS","HATS","0","Y","UNSUPPORTED_ROUTING"
"130133226","8","HNL-0393-900-OS","WOMENS BEANIE - TAMARA","HATS","HATS","0","Y","UNSUPPORTED_ROUTING"
"130133226","9","HNL-0401-500-OS","WOMENS BEANIE - MONROE","HATS","HATS","0","Y","UNSUPPORTED_ROUTING"
"130133547","1","HNX-0110-213-L","BABY GIRLS BEANIE - GINDIE","HATS","HATS","0","Y","UNSUPPORTED_ROUTING"
"130133547","2","HNX-0110-213-S","BABY GIRLS BEANIE - GINDIE","HATS","HATS","0","Y","UNSUPPORTED_ROUTING"
"130133547","3","HNY-0090-108-L","BABY BOYS BEANIE - NAMBUCCA","HATS","HATS","0","Y","UNSUPPORTED_ROUTING"
"130133547","4","HNY-0090-108-S","BABY BOYS BEANIE - NAMBUCCA","HATS","HATS","0","Y","UNSUPPORTED_ROUTING"
"130133549","1","HNB-0019-300-OS","BOYS BEANIE - RHYS","HATS","HATS","0","Y","UNSUPPORTED_ROUTING"
"130133549","10","HNG-0029-300-OS","GIRLS PERU - GENEVIEVE","HATS","HATS","0","Y","UNSUPPORTED_ROUTING"
"130133549","11","HNG-0204-608-OS","GIRLS BEANIE - MARLOWE","HATS","HATS","0","Y","UNSUPPORTED_ROUTING"
"130133549","12","HNG-0211-608-OS","GIRLS BEANIE - DESIREE","HATS","HATS","0","Y","UNSUPPORTED_ROUTING"
"130133549","13","HNG-0218-514-OS","GIRLS BEANIE - SYBIL","HATS","HATS","0","Y","UNSUPPORTED_ROUTING"
"130133549","14","HNG-0221-327-OS","GIRLS BEANIE - IBBIE","HATS","HATS","0","Y","UNSUPPORTED_ROUTING"
"130133549","15","HNG-0245-403-OS","GIRLS BEANIE - VALERY","HATS","HATS","0","Y","UNSUPPORTED_ROUTING"
"130133549","16","HNX-0025-215-L","BABY GIRLS BEANIE - LARA","HATS","HATS","0","Y","UNSUPPORTED_ROUTING"
"130133549","17","HNX-0025-215-S","BABY GIRLS BEANIE - LARA","HATS","HATS","0","Y","UNSUPPORTED_ROUTING"
"130133549","18","HNX-0088-400-L","BABY GIRLS PERU - KYLIE","HATS","HATS","0","Y","UNSUPPORTED_ROUTING"
"130133549","19","HNX-0088-400-S","BABY GIRLS PERU - KYLIE","HATS","HATS","0","Y","UNSUPPORTED_ROUTING"
"130133549","2","HCB-0650-327-OS","BOYS TRAPPER - MOONEE","HATS","HATS","0","Y","UNSUPPORTED_ROUTING"
"130133549","20","HNX-0091-400-S","BABY GIRLS BEANIE - STEPHANIE","HATS","HATS","0","Y","UNSUPPORTED_ROUTING"
"130133549","21","HNX-0093-608-L","BABY GIRLS BEANIE - ALIZA","HATS","HATS","0","Y","UNSUPPORTED_ROUTING"
"130133549","22","HNX-0093-608-S","BABY GIRLS BEANIE - ALIZA","HATS","HATS","0","Y","UNSUPPORTED_ROUTING"
"130133549","23","HNX-0101-215-L","BABY GIRLS PERU - ARACOON","HATS","HATS","0","Y","UNSUPPORTED_ROUTING"
"130133549","24","HNX-0101-215-S","BABY GIRLS PERU - ARACOON","HATS","HATS","0","Y","UNSUPPORTED_ROUTING"
"130133549","25","HNX-0102-802-L","BABY GIRLS BEANIE - MARLEE","HATS","HATS","0","Y","UNSUPPORTED_ROUTING"
"130133549","26","HNX-0111-226-L","BABY GIRLS PERU - POLAR BEAR","HATS","HATS","0","Y","UNSUPPORTED_ROUTING"
"130133549","27","HNX-0111-226-S","BABY GIRLS PERU - POLAR BEAR","HATS","HATS","0","Y","UNSUPPORTED_ROUTING"
"130133549","28","HNY-0066-327-L","BABY BOYS BEANIE - CHASE","HATS","HATS","0","Y","UNSUPPORTED_ROUTING"
"130133549","29","HNY-0066-327-S","BABY BOYS BEANIE - CHASE","HATS","HATS","0","Y","UNSUPPORTED_ROUTING"
"130133549","3","HCX-0087-400-S","BABY GIRLS TRAPPER - PEA","HATS","HATS","0","Y","UNSUPPORTED_ROUTING"
"130133549","30","HNY-0068-300-L","BABY BOYS PERU - CHARLIE","HATS","HATS","0","Y","UNSUPPORTED_ROUTING"
"130133549","31","HNY-0069-300-L","BABY BOYS PERU - BLAKE","HATS","HATS","0","Y","UNSUPPORTED_ROUTING"
"130133549","32","HNY-0069-300-S","BABY BOYS PERU - BLAKE","HATS","HATS","0","Y","UNSUPPORTED_ROUTING"
"130133549","33","HNY-0080-300-S","BABY BOYS BEANIE - MARCO","HATS","HATS","0","Y","UNSUPPORTED_ROUTING"
"130133549","34","HNY-0093-314-L","BABY BOYS BEANIE - CORINDI","HATS","HATS","0","Y","UNSUPPORTED_ROUTING"
"130133549","35","HNY-0093-314-S","BABY BOYS BEANIE - CORINDI","HATS","HATS","0","Y","UNSUPPORTED_ROUTING"
"130133549","36","HNX-0102-802-S","BABY GIRLS BEANIE - MARLEE","HATS","HATS","0","Y","UNSUPPORTED_ROUTING"
"130133549","37","HCX-0087-400-L","BABY GIRLS TRAPPER - PEA","HATS","HATS","0","Y","UNSUPPORTED_ROUTING"
"130133549","38","HNX-0091-400-L","BABY GIRLS BEANIE - STEPHANIE","HATS","HATS","0","Y","UNSUPPORTED_ROUTING"
"130133549","39","HNX-0093-910-S","BABY GIRLS BEANIE - ALIZA","HATS","HATS","0","Y","UNSUPPORTED_ROUTING"
"130133549","4","HCY-0058-723-L","BABY BOYS TRAPPER - TOGARI","HATS","HATS","0","Y","UNSUPPORTED_ROUTING"
"130133549","5","HCY-0058-723-S","BABY BOYS TRAPPER - TOGARI","HATS","HATS","0","Y","UNSUPPORTED_ROUTING"
"130133549","6","HCY-0080-311-L","BABY BOYS TRAPPER - PALMERS","HATS","HATS","0","Y","UNSUPPORTED_ROUTING"
"130133549","7","HCY-0080-311-S","BABY BOYS TRAPPER - PALMERS","HATS","HATS","0","Y","UNSUPPORTED_ROUTING"
"130133549","8","HNB-0189-141-OS","BOYS BEANIE - FLETCH","HATS","HATS","0","Y","UNSUPPORTED_ROUTING"
"130133549","9","HNB-0201-600-OS","BOYS BEANIE - BYRON","HATS","HATS","0","Y","UNSUPPORTED_ROUTING"
"130136497","355","HCL-1667-200-OS","WOMENS CASUAL CAP - REGATTA PERTH","HATS","HATS","0","Y","UNSUPPORTED_ROUTING"
"130136497","356","HCM-0900-100-OS","UNIVERSAL CASUAL CAP - SINGLE ROO","HATS","HATS","0","Y","UNSUPPORTED_ROUTING"
"130136497","357","HCM-0900-108-OS","UNIVERSAL CASUAL CAP - SINGLE ROO","HATS","HATS","0","Y","UNSUPPORTED_ROUTING"
"130136497","358","HCM-0900-200-OS","UNIVERSAL CASUAL CAP - SINGLE ROO","HATS","HATS","0","Y","UNSUPPORTED_ROUTING"
"130136497","359","HCM-0900-324-OS","UNIVERSAL CASUAL CAP - SINGLE ROO","HATS","HATS","0","Y","UNSUPPORTED_ROUTING"
"130136497","360","HCM-0900-327-OS","UNIVERSAL CASUAL CAP - SINGLE ROO","HATS","HATS","0","Y","UNSUPPORTED_ROUTING"
"130136497","361","HCM-0900-377-OS","UNIVERSAL CASUAL CAP - SINGLE ROO","HATS","HATS","0","Y","UNSUPPORTED_ROUTING"
"130136497","362","HCM-0900-420-OS","UNIVERSAL CASUAL CAP - SINGLE ROO","HATS","HATS","0","Y","UNSUPPORTED_ROUTING"
"130136497","363","HCM-0900-600-OS","UNIVERSAL CASUAL CAP - SINGLE ROO","HATS","HATS","0","Y","UNSUPPORTED_ROUTING"
"130136497","364","HCM-0900-635-OS","UNIVERSAL CASUAL CAP - SINGLE ROO","HATS","HATS","0","Y","UNSUPPORTED_ROUTING"
"130136497","365","HCM-0900-719-OS","UNIVERSAL CASUAL CAP - SINGLE ROO","HATS","HATS","0","Y","UNSUPPORTED_ROUTING"
"130136497","366","HCM-0900-900-OS","UNIVERSAL CASUAL CAP - SINGLE ROO","HATS","HATS","0","Y","UNSUPPORTED_ROUTING"
"130136497","367","HCM-1533-609-OS","MENS TRUCKER CAP - HEX WAVE PERTH","HATS","HATS","0","Y","UNSUPPORTED_ROUTING"
"130136672","1","HBB-1635-612-L","BOYS WIDE BRIM - NORFOLK","HATS","HATS","0","Y","UNSUPPORTED_ROUTING"
"130136672","10","HBM-0062-147-L/X","MENS MID BRIM - WAYFINDER","HATS","HATS","0","Y","UNSUPPORTED_ROUTING"
"130136672","11","HBM-0062-147-M/L","MENS MID BRIM - WAYFINDER","HATS","HATS","0","Y","UNSUPPORTED_ROUTING"
"130136672","12","HBM-1182-108-L/X","MENS BUCKET - PACKARD","HATS","HATS","0","Y","UNSUPPORTED_ROUTING"
"130136672","13","HBM-1182-108-M/L","MENS BUCKET - PACKARD","HATS","HATS","0","Y","UNSUPPORTED_ROUTING"
"130136672","14","HBM-1182-327-L/X","MENS BUCKET - PACKARD","HATS","HATS","0","Y","UNSUPPORTED_ROUTING"
"130136672","15","HBM-1182-327-M/L","MENS BUCKET - PACKARD","HATS","HATS","0","Y","UNSUPPORTED_ROUTING"
"130136672","16","HBX-1773-300-L","BABY GIRLS BUCKET - MIA MINI","HATS","HATS","0","Y","UNSUPPORTED_ROUTING"
"130136672","17","HBX-1773-300-S","BABY GIRLS BUCKET - MIA MINI","HATS","HATS","0","Y","UNSUPPORTED_ROUTING"
"130136672","18","HCL-0408-403-OS","WOMENS CAP - FINGAL","HATS","HATS","0","Y","UNSUPPORTED_ROUTING"
"130136672","19","HCL-1399-100-M","WOMENS SPORTS CAP - RUNAWAY","HATS","HATS","0","Y","UNSUPPORTED_ROUTING"
"130136672","2","HBB-1640-300-S","BOYS WIDE BRIM - LARAPINTA","HATS","HATS","0","Y","UNSUPPORTED_ROUTING"
"130136672","20","HCL-1399-100-S","WOMENS SPORTS CAP - RUNAWAY","HATS","HATS","0","Y","UNSUPPORTED_ROUTING"
"130136672","21","HCL-1399-200-M","WOMENS SPORTS CAP - RUNAWAY","HATS","HATS","0","Y","UNSUPPORTED_ROUTING"
"130136672","22","HCL-1399-200-S","WOMENS SPORTS CAP - RUNAWAY","HATS","HATS","0","Y","UNSUPPORTED_ROUTING"
"130136672","23","HCL-1399-344-S","WOMENS SPORTS CAP - RUNAWAY","HATS","HATS","0","Y","UNSUPPORTED_ROUTING"
"130136672","24","HCL-1562-705-OS","WOMENS DAD CAP - VACAY EVERYDAY","HATS","HATS","0","Y","UNSUPPORTED_ROUTING"
"130136672","25","HCL-1563-754-OS","WOMENS DAD CAP - SLOGAN BAY","HATS","HATS","0","Y","UNSUPPORTED_ROUTING"
"130136672","26","HCM-0002-103-OS","MENS CASUAL CAP - BOSTON","HATS","HATS","0","Y","UNSUPPORTED_ROUTING"
"130136672","27","HCM-0002-141-OS","MENS CASUAL CAP - BOSTON","HATS","HATS","0","Y","UNSUPPORTED_ROUTING"
"130136672","28","HCM-0002-309-OS","MENS CASUAL CAP - BOSTON","HATS","HATS","0","Y","UNSUPPORTED_ROUTING"
"130136672","29","HCM-1006-100-OS","MENS CASUAL CAP - TARGA","HATS","HATS","0","Y","UNSUPPORTED_ROUTING"
"130136672","3","HBG-1600-345-L","GIRLS BUCKET - SKYE","HATS","HATS","0","Y","UNSUPPORTED_ROUTING"
"130136672","30","HCM-1006-505-OS","MENS CASUAL CAP - TARGA","HATS","HATS","0","Y","UNSUPPORTED_ROUTING"
"130136672","31","HHL-1411-100-S","WOMENS HIKER - ARCADIA","HATS","HATS","0","Y","UNSUPPORTED_ROUTING"
"130136672","32","HHL-1411-344-M","WOMENS HIKER - ARCADIA","HATS","HATS","0","Y","UNSUPPORTED_ROUTING"
"130136672","33","HML-1568-100-M","WOMENS FLOPPY - CORAL BAY","HATS","HATS","0","Y","UNSUPPORTED_ROUTING"
"130136672","34","HML-1568-100-S","WOMENS FLOPPY - CORAL BAY","HATS","HATS","0","Y","UNSUPPORTED_ROUTING"
"130136672","35","HML-1568-900-M","WOMENS FLOPPY - CORAL BAY","HATS","HATS","0","Y","UNSUPPORTED_ROUTING"
"130136672","36","HML-1568-900-S","WOMENS FLOPPY - CORAL BAY","HATS","HATS","0","Y","UNSUPPORTED_ROUTING"
"130136672","37","HML-1826-609-M","WOMENS FLOPPY - ESPERANCE SHORES","HATS","HATS","0","Y","UNSUPPORTED_ROUTING"
"130136672","38","HML-1826-609-S","WOMENS FLOPPY - ESPERANCE SHORES","HATS","HATS","0","Y","UNSUPPORTED_ROUTING"
"130136672","39","HML-1826-707-M","WOMENS FLOPPY - ESPERANCE SHORES","HATS","HATS","0","Y","UNSUPPORTED_ROUTING"
"130136672","4","HBG-1606-322-S","GIRLS WIDE BRIM - LUCKY BAY","HATS","HATS","0","Y","UNSUPPORTED_ROUTING"
"130136672","40","HML-1826-707-S","WOMENS FLOPPY - ESPERANCE SHORES","HATS","HATS","0","Y","UNSUPPORTED_ROUTING"
"130136672","41","HML-1865-155-OS","WOMENS HIKER - DAWNY","HATS","HATS","0","Y","UNSUPPORTED_ROUTING"
"130136672","42","HML-1865-300-OS","WOMENS HIKER - DAWNY","HATS","HATS","0","Y","UNSUPPORTED_ROUTING"
"130136672","43","HML-1865-620-OS","WOMENS HIKER - DAWNY","HATS","HATS","0","Y","UNSUPPORTED_ROUTING"
"130136672","44","HML-1866-387-M","WOMENS FLOPPY - ESPERANCE DUNES","HATS","HATS","0","Y","UNSUPPORTED_ROUTING"
"130136672","45","HML-1866-387-S","WOMENS FLOPPY - ESPERANCE DUNES","HATS","HATS","0","Y","UNSUPPORTED_ROUTING"
"130136672","46","HUL-0193-200-OS","WOMENS UPTURN - SUNRISE","HATS","HATS","0","Y","UNSUPPORTED_ROUTING"
"130136672","47","HUL-0193-309-OS","WOMENS UPTURN - SUNRISE","HATS","HATS","0","Y","UNSUPPORTED_ROUTING"
"130136672","48","HWG-1605-418-S","GIRLS WIDE BRIM - DARLING","HATS","HATS","0","Y","UNSUPPORTED_ROUTING"
"130136672","49","HWL-0298-514-OS","WOMENS WIDE BRIM - LESLIE","HATS","HATS","0","Y","UNSUPPORTED_ROUTING"
"130136672","5","HBL-0061-309-OS","WOMENS SHORT BRIM - SOPHIA","HATS","HATS","0","Y","UNSUPPORTED_ROUTING"
"130136672","50","HWL-0298-802-OS","WOMENS WIDE BRIM - LESLIE","HATS","HATS","0","Y","UNSUPPORTED_ROUTING"
"130136672","6","HBL-0061-707-OS","WOMENS SHORT BRIM - SOPHIA","HATS","HATS","0","Y","UNSUPPORTED_ROUTING"
"130136672","7","HBL-0061-720-OS","WOMENS SHORT BRIM - SOPHIA","HATS","HATS","0","Y","UNSUPPORTED_ROUTING"
"130136672","8","HBL-0119-318-OS","WOMENS SHORT BRIM - CASSIE","HATS","HATS","0","Y","UNSUPPORTED_ROUTING"
"130136672","9","HBL-0119-345-OS","WOMENS SHORT BRIM - CASSIE","HATS","HATS","0","Y","UNSUPPORTED_ROUTING"
"130136784","275","HCL-1474-910-OS","WOMENS CASUAL CAP - SUNRAYS PERTH","HATS","HATS","0","Y","UNSUPPORTED_ROUTING"
"130136784","276","HCM-0900-100-OS","UNIVERSAL CASUAL CAP - SINGLE ROO","HATS","HATS","0","Y","UNSUPPORTED_ROUTING"
"130136784","277","HCM-0900-200-OS","UNIVERSAL CASUAL CAP - SINGLE ROO","HATS","HATS","0","Y","UNSUPPORTED_ROUTING"
"130136784","278","HCM-0900-324-OS","UNIVERSAL CASUAL CAP - SINGLE ROO","HATS","HATS","0","Y","UNSUPPORTED_ROUTING"
"130136784","279","HCM-0900-420-OS","UNIVERSAL CASUAL CAP - SINGLE ROO","HATS","HATS","0","Y","UNSUPPORTED_ROUTING"
"130136784","280","HCM-0900-600-OS","UNIVERSAL CASUAL CAP - SINGLE ROO","HATS","HATS","0","Y","UNSUPPORTED_ROUTING"
"130136784","281","HCM-0900-635-OS","UNIVERSAL CASUAL CAP - SINGLE ROO","HATS","HATS","0","Y","UNSUPPORTED_ROUTING"
"130136784","282","HCM-0900-719-OS","UNIVERSAL CASUAL CAP - SINGLE ROO","HATS","HATS","0","Y","UNSUPPORTED_ROUTING"
"130136784","283","HCM-0900-900-OS","UNIVERSAL CASUAL CAP - SINGLE ROO","HATS","HATS","0","Y","UNSUPPORTED_ROUTING"
"130136784","284","HCM-1470-100-OS","MENS STRUCTURED CAP - TRI WAVE PERTH","HATS","HATS","0","Y","UNSUPPORTED_ROUTING"
"130136784","285","HCM-1471-327-OS","MENS CASUAL CAP - WOODY PERTH","HATS","HATS","0","Y","UNSUPPORTED_ROUTING"
"130136784","286","HCM-1533-609-OS","MENS TRUCKER CAP - HEX WAVE PERTH","HATS","HATS","0","Y","UNSUPPORTED_ROUTING"
"130136784","287","HCM-1536-324-OS","MENS CASUAL CAP - LINE OUT PERTH","HATS","HATS","0","Y","UNSUPPORTED_ROUTING"
"130136784","288","HCU-1520-603-OS","UNIVERSAL CASUAL CAP - CITY ICON PERTH","HATS","HATS","0","Y","UNSUPPORTED_ROUTING"
"130136784","289","HCU-1525-214-OS","UNIVERSAL CASUAL CAP - GDAY","HATS","HATS","0","Y","UNSUPPORTED_ROUTING"
"130137346","258","HCM-0900-100-OS","UNIVERSAL CASUAL CAP - SINGLE ROO","HATS","HATS","0","Y","UNSUPPORTED_ROUTING"
"130137346","259","HCM-0900-324-OS","UNIVERSAL CASUAL CAP - SINGLE ROO","HATS","HATS","0","Y","UNSUPPORTED_ROUTING"
"130137346","260","HCM-0900-327-OS","UNIVERSAL CASUAL CAP - SINGLE ROO","HATS","HATS","0","Y","UNSUPPORTED_ROUTING"
"130137346","261","HCM-0900-635-OS","UNIVERSAL CASUAL CAP - SINGLE ROO","HATS","HATS","0","Y","UNSUPPORTED_ROUTING"
"130137346","262","HCM-0900-719-OS","UNIVERSAL CASUAL CAP - SINGLE ROO","HATS","HATS","0","Y","UNSUPPORTED_ROUTING"
"130137230","1","AHU-2000-200-OS","EXPRESSIONS - TEA TOWELS","PROD","PRODUCTION","1000","Y","MISSING_MO_ROUTING"
"130137230","3","AHU-2001-200-OS","EXPRESSIONS - TEA TOWELS EXTRAS","PROD","PRODUCTION","10","Y","MISSING_MO_ROUTING"
"130137231","1","AHU-2000-200-OS","EXPRESSIONS - TEA TOWELS","PROD","PRODUCTION","87","Y","MISSING_MO_ROUTING"
"130137231","3","AHU-2001-200-OS","EXPRESSIONS - TEA TOWELS EXTRAS","PROD","PRODUCTION","1","Y","MISSING_MO_ROUTING"
"130137232","1","AHU-2000-200-OS","EXPRESSIONS - TEA TOWELS","PROD","PRODUCTION","100","Y","MISSING_MO_ROUTING"
"130137232","3","AHU-2001-200-OS","EXPRESSIONS - TEA TOWELS EXTRAS","PROD","PRODUCTION","2","Y","MISSING_MO_ROUTING"
"130137233","1","AHU-2000-200-OS","EXPRESSIONS - TEA TOWELS","PROD","PRODUCTION","250","Y","MISSING_MO_ROUTING"
"130137233","3","AHU-2001-200-OS","EXPRESSIONS - TEA TOWELS EXTRAS","PROD","PRODUCTION","5","Y","MISSING_MO_ROUTING"
"130137234","1","AHU-2000-500-OS","EXPRESSIONS - TEA TOWELS","PROD","PRODUCTION","65","Y","MISSING_MO_ROUTING"
"130137234","3","AHU-2001-500-OS","EXPRESSIONS - TEA TOWELS EXTRAS","PROD","PRODUCTION","1","Y","MISSING_MO_ROUTING"
"130137235","1","AHU-2000-200-OS","EXPRESSIONS - TEA TOWELS","PROD","PRODUCTION","205","Y","MISSING_MO_ROUTING"
"130137235","3","AHU-2001-200-OS","EXPRESSIONS - TEA TOWELS EXTRAS","PROD","PRODUCTION","4","Y","MISSING_MO_ROUTING"
"130137236","1","AHU-2000-200-OS","EXPRESSIONS - TEA TOWELS","PROD","PRODUCTION","70","Y","MISSING_MO_ROUTING"
"130137236","3","AHU-2001-200-OS","EXPRESSIONS - TEA TOWELS EXTRAS","PROD","PRODUCTION","1","Y","MISSING_MO_ROUTING"
"130137237","1","AHU-2000-200-OS","EXPRESSIONS - TEA TOWELS","PROD","PRODUCTION","135","Y","MISSING_MO_ROUTING"
"130137237","3","AHU-2001-200-OS","EXPRESSIONS - TEA TOWELS EXTRAS","PROD","PRODUCTION","2","Y","MISSING_MO_ROUTING"
"130137238","1","AHU-2000-200-OS","EXPRESSIONS - TEA TOWELS","PROD","PRODUCTION","200","Y","MISSING_MO_ROUTING"
"130137238","3","AHU-2001-200-OS","EXPRESSIONS - TEA TOWELS EXTRAS","PROD","PRODUCTION","4","Y","MISSING_MO_ROUTING"
"130137239","1","AHU-2000-200-OS","EXPRESSIONS - TEA TOWELS","PROD","PRODUCTION","100","Y","MISSING_MO_ROUTING"
"130137239","3","AHU-2001-200-OS","EXPRESSIONS - TEA TOWELS EXTRAS","PROD","PRODUCTION","2","Y","MISSING_MO_ROUTING"
"130137240","1","AHU-2000-500-OS","EXPRESSIONS - TEA TOWELS","PROD","PRODUCTION","100","Y","MISSING_MO_ROUTING"
"130137240","3","AHU-2001-500-OS","EXPRESSIONS - TEA TOWELS EXTRAS","PROD","PRODUCTION","2","Y","MISSING_MO_ROUTING"
"130137241","1","FBU-2600-200-OS","EXPRESSIONS - BAGS WHITE","PROD","PRODUCTION","40","Y","MISSING_MO_ROUTING"
"130137242","1","AHU-2000-200-OS","EXPRESSIONS - TEA TOWELS","PROD","PRODUCTION","46","Y","MISSING_MO_ROUTING"
"130137243","1","AHU-2000-200-OS","EXPRESSIONS - TEA TOWELS","PROD","PRODUCTION","100","Y","MISSING_MO_ROUTING"
"130137243","3","AHU-2001-200-OS","EXPRESSIONS - TEA TOWELS EXTRAS","PROD","PRODUCTION","2","Y","MISSING_MO_ROUTING"
"130137244","1","AHU-2000-200-OS","EXPRESSIONS - TEA TOWELS","PROD","PRODUCTION","200","Y","MISSING_MO_ROUTING"
"130137244","3","AHU-2001-200-OS","EXPRESSIONS - TEA TOWELS EXTRAS","PROD","PRODUCTION","4","Y","MISSING_MO_ROUTING"
"130137245","1","AHU-2000-200-OS","EXPRESSIONS - TEA TOWELS","PROD","PRODUCTION","60","Y","MISSING_MO_ROUTING"
"130137245","3","AHU-2001-200-OS","EXPRESSIONS - TEA TOWELS EXTRAS","PROD","PRODUCTION","1","Y","MISSING_MO_ROUTING"
"130137246","1","AHU-2000-200-OS","EXPRESSIONS - TEA TOWELS","PROD","PRODUCTION","100","Y","MISSING_MO_ROUTING"
"130137246","11","AHU-2001-200-OS","EXPRESSIONS - TEA TOWELS EXTRAS","PROD","PRODUCTION","2","Y","MISSING_MO_ROUTING"
"130137246","13","AHU-2000-200-OS","EXPRESSIONS - TEA TOWELS","PROD","PRODUCTION","74","Y","MISSING_MO_ROUTING"
"130137246","15","AHU-2001-200-OS","EXPRESSIONS - TEA TOWELS EXTRAS","PROD","PRODUCTION","1","Y","MISSING_MO_ROUTING"
"130137246","3","AHU-2001-200-OS","EXPRESSIONS - TEA TOWELS EXTRAS","PROD","PRODUCTION","2","Y","MISSING_MO_ROUTING"
"130137246","5","AHU-2000-200-OS","EXPRESSIONS - TEA TOWELS","PROD","PRODUCTION","100","Y","MISSING_MO_ROUTING"
"130137246","7","AHU-2001-200-OS","EXPRESSIONS - TEA TOWELS EXTRAS","PROD","PRODUCTION","2","Y","MISSING_MO_ROUTING"
"130137246","9","AHU-2000-200-OS","EXPRESSIONS - TEA TOWELS","PROD","PRODUCTION","104","Y","MISSING_MO_ROUTING"
"130137247","1","AHU-2000-200-OS","EXPRESSIONS - TEA TOWELS","PROD","PRODUCTION","70","Y","MISSING_MO_ROUTING"
"130137247","3","AHU-2001-200-OS","EXPRESSIONS - TEA TOWELS EXTRAS","PROD","PRODUCTION","1","Y","MISSING_MO_ROUTING"
"130137247","5","AHU-2000-200-OS","EXPRESSIONS - TEA TOWELS","PROD","PRODUCTION","110","Y","MISSING_MO_ROUTING"
"130137247","7","AHU-2001-200-OS","EXPRESSIONS - TEA TOWELS EXTRAS","PROD","PRODUCTION","2","Y","MISSING_MO_ROUTING"
"130137350","1","AHU-2000-200-OS","EXPRESSIONS - TEA TOWELS","PROD","PRODUCTION","100","Y","MISSING_MO_ROUTING"
"130137350","3","AHU-2001-200-OS","EXPRESSIONS - TEA TOWELS EXTRAS","PROD","PRODUCTION","2","Y","MISSING_MO_ROUTING"
"130134539","34","ASL-2703-999-OS","WOMENS STICKER - KOMBI SCENE","STICKERS","STICKERS","0","Y","UNSUPPORTED_ROUTING"
"130134539","36","ASL-2704-999-OS","WOMENS STICKER - WHALE SONG","STICKERS","STICKERS","0","Y","UNSUPPORTED_ROUTING"
"130134566","34","ASL-2703-999-OS","WOMENS STICKER - KOMBI SCENE","STICKERS","STICKERS","10","Y","UNSUPPORTED_ROUTING"
"130134566","36","ASL-2704-999-OS","WOMENS STICKER - WHALE SONG","STICKERS","STICKERS","10","Y","UNSUPPORTED_ROUTING"
"130134697","11","ASL-2704-999-OS","WOMENS STICKER - WHALE SONG","STICKERS","STICKERS","10","Y","UNSUPPORTED_ROUTING"
"130134697","13","ASL-2706-999-OS","WOMENS STICKER - ON THE HORIZON","STICKERS","STICKERS","10","Y","UNSUPPORTED_ROUTING"
"130134697","15","ASM-2712-999-OS","MENS STICKER - SCENIC PALMS","STICKERS","STICKERS","10","Y","UNSUPPORTED_ROUTING"
"130134697","17","ASM-2713-999-OS","MENS STICKER - WHALES","STICKERS","STICKERS","10","Y","UNSUPPORTED_ROUTING"
"130134697","19","ATM-0009-999-OS","MENS STICKER - COMBI PARADISE","STICKERS","STICKERS","10","Y","UNSUPPORTED_ROUTING"
"130134697","21","ATM-0036-999-OS","MENS STICKER - LINEOUT","STICKERS","STICKERS","10","Y","UNSUPPORTED_ROUTING"
"130134697","23","ATM-0042-999-OS","MENS STICKER - LUCKY MARLIN","STICKERS","STICKERS","10","Y","UNSUPPORTED_ROUTING"
"130134697","25","ATM-0059-999-OS","MENS STICKER - BOARD STACK","STICKERS","STICKERS","10","Y","UNSUPPORTED_ROUTING"
"130135779","36","ASB-2420-999-OS","BOYS STICKER - WAVE JUMPER","STICKERS","STICKERS","0","Y","UNSUPPORTED_ROUTING"
"130135779","38","ASB-2428-999-OS","BOYS STICKER - KANGABOOM","STICKERS","STICKERS","0","Y","UNSUPPORTED_ROUTING"
"130135779","40","ASB-2429-999-OS","BOYS STICKER - AUSSIE MAP","STICKERS","STICKERS","0","Y","UNSUPPORTED_ROUTING"
"130135779","42","ASB-2430-999-OS","BOYS STICKER - G'DAY MATE","STICKERS","STICKERS","0","Y","UNSUPPORTED_ROUTING"
"130135779","44","ASB-2789-999-OS","BOYS STICKER - NO FEAR DOWN HERE","STICKERS","STICKERS","0","Y","UNSUPPORTED_ROUTING"
"130135779","46","ASB-2790-999-OS","BOYS STICKER - THUMBS UP GDAY","STICKERS","STICKERS","0","Y","UNSUPPORTED_ROUTING"
"130135779","48","ASB-2792-999-OS","BOYS STICKER - AUSTRALIA SURFARI","STICKERS","STICKERS","0","Y","UNSUPPORTED_ROUTING"
"130135779","50","ASB-2794-999-OS","BOYS STICKER - KOALA DOWN UNDER","STICKERS","STICKERS","0","Y","UNSUPPORTED_ROUTING"
"130135779","53","ASG-0825-999-OS","GIRLS STICKER - I HEART AUS KOALA","STICKERS","STICKERS","0","Y","UNSUPPORTED_ROUTING"
"130135779","55","ASG-0826-999-OS","GIRLS STICKER - MUMMA KOALA","STICKERS","STICKERS","0","Y","UNSUPPORTED_ROUTING"
"130135779","57","ASG-0827-999-OS","GIRLS STICKER - OZ FLORAL MAP","STICKERS","STICKERS","0","Y","UNSUPPORTED_ROUTING"
"130135779","59","ASG-0829-999-OS","GIRLS STICKER - COCKATOO WINDOW","STICKERS","STICKERS","0","Y","UNSUPPORTED_ROUTING"
"130135779","61","ASG-2426-999-OS","GIRLS STICKER - AUSSIE ROO","STICKERS","STICKERS","0","Y","UNSUPPORTED_ROUTING"
"130135779","63","ASG-2427-999-OS","GIRLS STICKER - AUSSIE RAINBOW","STICKERS","STICKERS","0","Y","UNSUPPORTED_ROUTING"
"130135779","65","ASG-2797-999-OS","GIRLS STICKER - BIRDSONG MAP OZ","STICKERS","STICKERS","0","Y","UNSUPPORTED_ROUTING"
"130135779","67","ASG-2798-999-OS","GIRLS STICKER - KOALA CRUISIN","STICKERS","STICKERS","0","Y","UNSUPPORTED_ROUTING"
"130135779","69","ASG-2801-999-OS","GIRLS STICKER - TOGETHER WE ROAM","STICKERS","STICKERS","0","Y","UNSUPPORTED_ROUTING"
"130135779","71","ASG-2802-999-OS","GIRLS STICKER - LITTLE AUSSIE ADVENTURE","STICKERS","STICKERS","0","Y","UNSUPPORTED_ROUTING"
"130135779","73","ATB-0012-999-OS","BOYS STICKER - ANIMALS DOWNUNDER","STICKERS","STICKERS","0","Y","UNSUPPORTED_ROUTING"
"130135779","75","ATB-0014-999-OS","BOYS STICKER - AUSSIE SURFARI","STICKERS","STICKERS","0","Y","UNSUPPORTED_ROUTING"
"130136334","39","ASM-2368-999-OS","MENS STICKER - WHALE TAIL","STICKERS","STICKERS","10","Y","UNSUPPORTED_ROUTING"
"130136334","41","ASM-2713-999-OS","MENS STICKER - WHALES","STICKERS","STICKERS","10","Y","UNSUPPORTED_ROUTING"
"130136334","43","ATL-0001-999-OS","WOMENS STICKER - PALM ISLAND","STICKERS","STICKERS","10","Y","UNSUPPORTED_ROUTING"
"130136334","45","ATL-0052-999-OS","WOMENS STICKER - SURF TRIP","STICKERS","STICKERS","10","Y","UNSUPPORTED_ROUTING"
"130136334","47","ATM-0012-999-OS","MENS STICKER - SHAKA","STICKERS","STICKERS","10","Y","UNSUPPORTED_ROUTING"
"130136334","49","ATM-0031-999-OS","MENS STICKER - FISHING SPLICE","STICKERS","STICKERS","10","Y","UNSUPPORTED_ROUTING"
"130136334","51","ATM-0042-999-OS","MENS STICKER - LUCKY MARLIN","STICKERS","STICKERS","10","Y","UNSUPPORTED_ROUTING"
"130136449","11","ASM-2373-999-OS","MENS STICKER - SHAKA SURF DUO","STICKERS","STICKERS","10","Y","UNSUPPORTED_ROUTING"
"130136449","13","ASM-2709-999-OS","MENS STICKER - CUTBACK","STICKERS","STICKERS","10","Y","UNSUPPORTED_ROUTING"
"130136449","15","ASM-2713-999-OS","MENS STICKER - WHALES","STICKERS","STICKERS","10","Y","UNSUPPORTED_ROUTING"
"130136449","5","ASL-2702-999-OS","WOMENS STICKER - HIBISCUS","STICKERS","STICKERS","10","Y","UNSUPPORTED_ROUTING"
"130136449","7","ASL-2703-999-OS","WOMENS STICKER - KOMBI SCENE","STICKERS","STICKERS","10","Y","UNSUPPORTED_ROUTING"
"130136449","9","ASL-2704-999-OS","WOMENS STICKER - WHALE SONG","STICKERS","STICKERS","10","Y","UNSUPPORTED_ROUTING"
"130136450","49","ASL-0005-999-OS","WOMENS STICKER - FLORAL FIN","STICKERS","STICKERS","20","Y","UNSUPPORTED_ROUTING"
"130136450","51","ASM-0011-999-OS","MENS STICKER - STAY SALTY FIN","STICKERS","STICKERS","40","Y","UNSUPPORTED_ROUTING"
"130136450","53","ASM-2215-999-OS","MENS STICKER - HIBISCUS BADGE","STICKERS","STICKERS","40","Y","UNSUPPORTED_ROUTING"
"130136450","55","ATL-0003-999-OS","WOMENS STICKER - MANDALA BOARD","STICKERS","STICKERS","20","Y","UNSUPPORTED_ROUTING"
"130136450","57","ATL-0004-999-OS","WOMENS STICKER - OCEAN TURTLE","STICKERS","STICKERS","20","Y","UNSUPPORTED_ROUTING"
"130136450","59","ATL-0005-999-OS","WOMENS STICKER - OCEAN SPRAY","STICKERS","STICKERS","20","Y","UNSUPPORTED_ROUTING"
"130136450","61","ATL-0006-999-OS","WOMENS STICKER - STARFISH","STICKERS","STICKERS","20","Y","UNSUPPORTED_ROUTING"
"130136450","63","ATL-0047-999-OS","WOMENS STICKER - GOOD VIBES ONLY","STICKERS","STICKERS","20","Y","UNSUPPORTED_ROUTING"
"130136450","65","ATL-0052-999-OS","WOMENS STICKER - SURF TRIP","STICKERS","STICKERS","20","Y","UNSUPPORTED_ROUTING"
"130136450","67","ATM-0007-999-OS","MENS STICKER - SURF FORMATION","STICKERS","STICKERS","40","Y","UNSUPPORTED_ROUTING"
"130136450","69","ATM-0008-999-OS","MENS STICKER - TRIO BOARDS","STICKERS","STICKERS","40","Y","UNSUPPORTED_ROUTING"
"130136450","71","ATM-0010-999-OS","MENS STICKER - BEACH WAGON","STICKERS","STICKERS","40","Y","UNSUPPORTED_ROUTING"
"130136450","73","ATM-0037-999-OS","MENS STICKER - WAVESCAPE","STICKERS","STICKERS","40","Y","UNSUPPORTED_ROUTING"
"130136450","75","ATM-0044-999-OS","MENS STICKER - SURF BADGE","STICKERS","STICKERS","40","Y","UNSUPPORTED_ROUTING"
"130136450","77","ATM-0048-999-OS","MENS STICKER - SURF DIAMOND","STICKERS","STICKERS","40","Y","UNSUPPORTED_ROUTING"
"130136450","79","ATM-0056-999-OS","MENS STICKER - TRI WAVE","STICKERS","STICKERS","40","Y","UNSUPPORTED_ROUTING"
"130136450","81","ATM-0058-999-OS","MENS STICKER - BOARD EVOLUTION","STICKERS","STICKERS","40","Y","UNSUPPORTED_ROUTING"
"130136451","33","ASM-0011-999-OS","MENS STICKER - STAY SALTY FIN","STICKERS","STICKERS","20","Y","UNSUPPORTED_ROUTING"
"130136451","35","ATL-0004-999-OS","WOMENS STICKER - OCEAN TURTLE","STICKERS","STICKERS","20","Y","UNSUPPORTED_ROUTING"
"130136451","37","ATL-0005-999-OS","WOMENS STICKER - OCEAN SPRAY","STICKERS","STICKERS","20","Y","UNSUPPORTED_ROUTING"
"130136451","39","ATL-0006-999-OS","WOMENS STICKER - STARFISH","STICKERS","STICKERS","20","Y","UNSUPPORTED_ROUTING"
"130136451","41","ATL-0037-999-OS","WOMENS STICKER - VAN LIFE","STICKERS","STICKERS","20","Y","UNSUPPORTED_ROUTING"
"130136451","43","ATL-0047-999-OS","WOMENS STICKER - GOOD VIBES ONLY","STICKERS","STICKERS","20","Y","UNSUPPORTED_ROUTING"
"130136451","45","ATL-0052-999-OS","WOMENS STICKER - SURF TRIP","STICKERS","STICKERS","20","Y","UNSUPPORTED_ROUTING"
"130136451","47","ATM-0008-999-OS","MENS STICKER - TRIO BOARDS","STICKERS","STICKERS","20","Y","UNSUPPORTED_ROUTING"
"130136451","49","ATM-0042-999-OS","MENS STICKER - LUCKY MARLIN","STICKERS","STICKERS","20","Y","UNSUPPORTED_ROUTING"
"130136451","51","ATM-0047-999-OS","MENS STICKER - QUAD WAVE","STICKERS","STICKERS","20","Y","UNSUPPORTED_ROUTING"
"130136451","53","ATM-0048-999-OS","MENS STICKER - SURF DIAMOND","STICKERS","STICKERS","20","Y","UNSUPPORTED_ROUTING"
"130136451","55","ATM-0056-999-OS","MENS STICKER - TRI WAVE","STICKERS","STICKERS","20","Y","UNSUPPORTED_ROUTING"
"130136497","101","ASB-2776-999-OS","BOYS STICKER - 90S JAWSOME","STICKERS","STICKERS","0","Y","UNSUPPORTED_ROUTING"
"130136497","103","ASB-2778-999-OS","BOYS STICKER - SHADEY TROUBLE","STICKERS","STICKERS","0","Y","UNSUPPORTED_ROUTING"
"130136497","105","ASB-2779-999-OS","BOYS STICKER - SURF'S UP","STICKERS","STICKERS","0","Y","UNSUPPORTED_ROUTING"
"130136497","107","ASB-2780-999-OS","BOYS STICKER - WAVE SURFER","STICKERS","STICKERS","0","Y","UNSUPPORTED_ROUTING"
"130136497","109","ASB-2789-999-OS","BOYS STICKER - NO FEAR DOWN HERE","STICKERS","STICKERS","0","Y","UNSUPPORTED_ROUTING"
"130136497","111","ASB-2790-999-OS","BOYS STICKER - THUMBS UP GDAY","STICKERS","STICKERS","0","Y","UNSUPPORTED_ROUTING"
"130136497","115","ASG-0825-999-OS","GIRLS STICKER - I HEART AUS KOALA","STICKERS","STICKERS","0","Y","UNSUPPORTED_ROUTING"
"130136497","117","ASG-0827-999-OS","GIRLS STICKER - OZ FLORAL MAP","STICKERS","STICKERS","0","Y","UNSUPPORTED_ROUTING"
"130136497","119","ASG-2423-999-OS","GIRLS STICKER - REEF FISH","STICKERS","STICKERS","0","Y","UNSUPPORTED_ROUTING"
"130136497","121","ASG-2784-999-OS","GIRLS STICKER - KEEP IT SUNNY","STICKERS","STICKERS","0","Y","UNSUPPORTED_ROUTING"
"130136497","123","ASG-2787-999-OS","GIRLS STICKER - OCEAN DREAMS","STICKERS","STICKERS","0","Y","UNSUPPORTED_ROUTING"
"130136497","125","ASG-2798-999-OS","GIRLS STICKER - KOALA CRUISIN","STICKERS","STICKERS","0","Y","UNSUPPORTED_ROUTING"
"130136497","127","ASL-2616-999-OS","WOMENS STICKER - ROTTNEST COLLAGE","STICKERS","STICKERS","0","Y","UNSUPPORTED_ROUTING"
"130136497","129","ASL-2705-999-OS","WOMENS STICKER - SUNRISE TURTLE","STICKERS","STICKERS","0","Y","UNSUPPORTED_ROUTING"
"130136497","131","ASM-2709-999-OS","MENS STICKER - CUTBACK","STICKERS","STICKERS","0","Y","UNSUPPORTED_ROUTING"
"130136497","133","ASM-2719-999-OS","MENS STICKER - OZ ROAD TRIP","STICKERS","STICKERS","0","Y","UNSUPPORTED_ROUTING"
"130136497","135","ASM-2721-999-OS","MENS STICKER - OZ ICONS","STICKERS","STICKERS","0","Y","UNSUPPORTED_ROUTING"
"130136497","138","ATB-0004-999-OS","BOYS STICKER - NICE TO MEET YOU","STICKERS","STICKERS","0","Y","UNSUPPORTED_ROUTING"
"130136497","140","ATB-0005-999-OS","BOYS STICKER - LOCALS ONLY","STICKERS","STICKERS","0","Y","UNSUPPORTED_ROUTING"
"130136497","142","ATB-0031-999-OS","BOYS STICKER - GOOD VIBES SHAKA","STICKERS","STICKERS","0","Y","UNSUPPORTED_ROUTING"
"130136497","144","ATB-0052-999-OS","BOYS STICKER - SCENIC SHARK","STICKERS","STICKERS","0","Y","UNSUPPORTED_ROUTING"
"130136497","148","ATG-0008-999-OS","GIRLS STICKER - COMBI FUN","STICKERS","STICKERS","0","Y","UNSUPPORTED_ROUTING"
"130136497","150","ATG-0009-999-OS","GIRLS STICKER - PRETTY TURTLE","STICKERS","STICKERS","0","Y","UNSUPPORTED_ROUTING"
"130136497","152","ATG-0013-999-OS","GIRLS STICKER - SURFER GIRL","STICKERS","STICKERS","0","Y","UNSUPPORTED_ROUTING"
"130136497","154","ATG-0038-999-OS","GIRLS STICKER - HELLO SUNSHINE","STICKERS","STICKERS","0","Y","UNSUPPORTED_ROUTING"
"130136497","156","ATG-0045-999-OS","GIRLS STICKER - SCENIC TURTLE","STICKERS","STICKERS","0","Y","UNSUPPORTED_ROUTING"
"130136497","158","ATG-0047-999-OS","GIRLS STICKER - GOOD VIBES","STICKERS","STICKERS","0","Y","UNSUPPORTED_ROUTING"
"130136497","160","ATL-0002-999-OS","WOMENS STICKER - PEACE COMBI","STICKERS","STICKERS","0","Y","UNSUPPORTED_ROUTING"
"130136497","162","ATL-0003-999-OS","WOMENS STICKER - MANDALA BOARD","STICKERS","STICKERS","0","Y","UNSUPPORTED_ROUTING"
"130136497","164","ATL-0053-999-OS","WOMENS STICKER - DUSK ROO","STICKERS","STICKERS","0","Y","UNSUPPORTED_ROUTING"
"130136497","166","ATM-0008-999-OS","MENS STICKER - TRIO BOARDS","STICKERS","STICKERS","0","Y","UNSUPPORTED_ROUTING"
"130136497","168","ATM-0042-999-OS","MENS STICKER - LUCKY MARLIN","STICKERS","STICKERS","0","Y","UNSUPPORTED_ROUTING"
"130136497","91","ASB-2417-999-OS","BOYS STICKER - SURF CREW","STICKERS","STICKERS","0","Y","UNSUPPORTED_ROUTING"
"130136497","93","ASB-2424-999-OS","BOYS STICKER - BIG WAVE SURFER","STICKERS","STICKERS","0","Y","UNSUPPORTED_ROUTING"
"130136497","95","ASB-2428-999-OS","BOYS STICKER - KANGABOOM","STICKERS","STICKERS","0","Y","UNSUPPORTED_ROUTING"
"130136497","97","ASB-2433-999-OS","BOYS STICKER - OH SNAP","STICKERS","STICKERS","0","Y","UNSUPPORTED_ROUTING"
"130136497","99","ASB-2627-999-OS","BOYS STICKER - ROTTNEST SURF GROM","STICKERS","STICKERS","0","Y","UNSUPPORTED_ROUTING"
"130136530","1","ASB-2433-999-OS","BOYS STICKER - OH SNAP","STICKERS","STICKERS","0","Y","UNSUPPORTED_ROUTING"
"130136530","11","ASB-2790-999-OS","BOYS STICKER - THUMBS UP GDAY","STICKERS","STICKERS","0","Y","UNSUPPORTED_ROUTING"
"130136530","13","ASB-2791-999-OS","BOYS STICKER - OUTBACK SURF CLUB","STICKERS","STICKERS","0","Y","UNSUPPORTED_ROUTING"
"130136530","15","ASB-2792-999-OS","BOYS STICKER - AUSTRALIA SURFARI","STICKERS","STICKERS","0","Y","UNSUPPORTED_ROUTING"
"130136530","17","ASB-2793-999-OS","BOYS STICKER - SALTY MATES","STICKERS","STICKERS","0","Y","UNSUPPORTED_ROUTING"
"130136530","19","ASB-2795-999-OS","BOYS STICKER - CATCH YOU LATER","STICKERS","STICKERS","0","Y","UNSUPPORTED_ROUTING"
"130136530","21","ASG-2423-999-OS","GIRLS STICKER - REEF FISH","STICKERS","STICKERS","0","Y","UNSUPPORTED_ROUTING"
"130136530","23","ASG-2437-999-OS","GIRLS STICKER - WILD & FREE","STICKERS","STICKERS","0","Y","UNSUPPORTED_ROUTING"
"130136530","25","ASG-2781-999-OS","GIRLS STICKER - SUN RAYS AND LAZY DAYS","STICKERS","STICKERS","0","Y","UNSUPPORTED_ROUTING"
"130136530","27","ASG-2783-999-OS","GIRLS STICKER - TURTLE SCENE","STICKERS","STICKERS","0","Y","UNSUPPORTED_ROUTING"
"130136530","29","ASG-2785-999-OS","GIRLS STICKER - RAISED BY THE SEA","STICKERS","STICKERS","0","Y","UNSUPPORTED_ROUTING"
"130136530","3","ASB-2774-999-OS","BOYS STICKER - CROCODILE CRUISE","STICKERS","STICKERS","0","Y","UNSUPPORTED_ROUTING"
"130136530","31","ASG-2787-999-OS","GIRLS STICKER - OCEAN DREAMS","STICKERS","STICKERS","0","Y","UNSUPPORTED_ROUTING"
"130136530","33","ASG-2796-999-OS","GIRLS STICKER - GDAY AUSTRALIA","STICKERS","STICKERS","0","Y","UNSUPPORTED_ROUTING"
"130136530","35","ASG-2797-999-OS","GIRLS STICKER - BIRDSONG MAP OZ","STICKERS","STICKERS","0","Y","UNSUPPORTED_ROUTING"
"130136530","37","ASG-2798-999-OS","GIRLS STICKER - KOALA CRUISIN","STICKERS","STICKERS","0","Y","UNSUPPORTED_ROUTING"
"130136530","39","ASG-2799-999-OS","GIRLS STICKER - HAPPY ROO HOLIDAY","STICKERS","STICKERS","0","Y","UNSUPPORTED_ROUTING"
"130136530","41","ASG-2801-999-OS","GIRLS STICKER - TOGETHER WE ROAM","STICKERS","STICKERS","0","Y","UNSUPPORTED_ROUTING"
"130136530","43","ASL-2705-999-OS","WOMENS STICKER - SUNRISE TURTLE","STICKERS","STICKERS","0","Y","UNSUPPORTED_ROUTING"
"130136530","45","ASL-2707-999-OS","WOMENS STICKER - SOFT SUNRISE","STICKERS","STICKERS","0","Y","UNSUPPORTED_ROUTING"
"130136530","47","ASL-2722-999-OS","WOMENS STICKER - OZ STORY","STICKERS","STICKERS","0","Y","UNSUPPORTED_ROUTING"
"130136530","49","ASL-2723-999-OS","WOMENS STICKER - OZ COLLAGE","STICKERS","STICKERS","0","Y","UNSUPPORTED_ROUTING"
"130136530","5","ASB-2776-999-OS","BOYS STICKER - 90S JAWSOME","STICKERS","STICKERS","0","Y","UNSUPPORTED_ROUTING"
"130136530","51","ASM-2370-999-OS","MENS STICKER - LOCALS","STICKERS","STICKERS","0","Y","UNSUPPORTED_ROUTING"
"130136530","53","ASM-2542-999-OS","MENS STICKER - KEEP IT COOL","STICKERS","STICKERS","0","Y","UNSUPPORTED_ROUTING"
"130136530","55","ASM-2710-999-OS","MENS STICKER - ISLAND TURTLE","STICKERS","STICKERS","0","Y","UNSUPPORTED_ROUTING"
"130136530","57","ASM-2718-999-OS","MENS STICKER - RETRO ROO","STICKERS","STICKERS","0","Y","UNSUPPORTED_ROUTING"
"130136530","59","ASM-2719-999-OS","MENS STICKER - OZ ROAD TRIP","STICKERS","STICKERS","0","Y","UNSUPPORTED_ROUTING"
"130136530","61","ASM-2720-999-OS","MENS STICKER - HOOROO","STICKERS","STICKERS","0","Y","UNSUPPORTED_ROUTING"
"130136530","63","ATB-0028-999-OS","BOYS STICKER - SKATER CROC","STICKERS","STICKERS","0","Y","UNSUPPORTED_ROUTING"
"130136530","65","ATB-0032-999-OS","BOYS STICKER - NO BAD DAYS","STICKERS","STICKERS","0","Y","UNSUPPORTED_ROUTING"
"130136530","67","ATL-0009-999-OS","WOMENS STICKER - HERO ROO","STICKERS","STICKERS","0","Y","UNSUPPORTED_ROUTING"
"130136530","69","ATL-0016-999-OS","WOMENS STICKER - AUS RAINBOW","STICKERS","STICKERS","0","Y","UNSUPPORTED_ROUTING"
"130136530","7","ASB-2777-999-OS","BOYS STICKER - FISH TROUBLE","STICKERS","STICKERS","0","Y","UNSUPPORTED_ROUTING"
"130136530","71","ATL-0053-999-OS","WOMENS STICKER - DUSK ROO","STICKERS","STICKERS","0","Y","UNSUPPORTED_ROUTING"
"130136530","73","ATM-0012-999-OS","MENS STICKER - SHAKA","STICKERS","STICKERS","0","Y","UNSUPPORTED_ROUTING"
"130136530","9","ASB-2789-999-OS","BOYS STICKER - NO FEAR DOWN HERE","STICKERS","STICKERS","0","Y","UNSUPPORTED_ROUTING"
"130137064","3","ASM-2711-999-OS","MENS STICKER - CATCH YOU LATER","STICKERS","STICKERS","10","Y","UNSUPPORTED_ROUTING"
"130137064","5","ATL-0039-999-OS","WOMENS STICKER - SUNSET MERMAID","STICKERS","STICKERS","10","Y","UNSUPPORTED_ROUTING"
"130137064","7","ATM-0042-999-OS","MENS STICKER - LUCKY MARLIN","STICKERS","STICKERS","10","Y","UNSUPPORTED_ROUTING"
"130137106","1","ASB-2778-999-OS","BOYS STICKER - SHADEY TROUBLE","STICKERS","STICKERS","10","Y","UNSUPPORTED_ROUTING"
"130137146","14","ASL-2701-999-OS","WOMENS STICKER - GROOVY PALM","STICKERS","STICKERS","10","Y","UNSUPPORTED_ROUTING"
"130137146","16","ASL-2706-999-OS","WOMENS STICKER - ON THE HORIZON","STICKERS","STICKERS","10","Y","UNSUPPORTED_ROUTING"
"130137146","18","ASL-2707-999-OS","WOMENS STICKER - SOFT SUNRISE","STICKERS","STICKERS","10","Y","UNSUPPORTED_ROUTING"
"130137146","20","ASM-2712-999-OS","MENS STICKER - SCENIC PALMS","STICKERS","STICKERS","10","Y","UNSUPPORTED_ROUTING"
"130137146","22","ATM-0007-999-OS","MENS STICKER - SURF FORMATION","STICKERS","STICKERS","10","Y","UNSUPPORTED_ROUTING"
"130137146","24","ATM-0036-999-OS","MENS STICKER - LINEOUT","STICKERS","STICKERS","10","Y","UNSUPPORTED_ROUTING"
"130137146","26","ATM-0037-999-OS","MENS STICKER - WAVESCAPE","STICKERS","STICKERS","10","Y","UNSUPPORTED_ROUTING"
"130137146","28","ATM-0057-999-OS","MENS STICKER - HORIZON","STICKERS","STICKERS","10","Y","UNSUPPORTED_ROUTING"
"130137151","11","ATM-0048-999-OS","MENS STICKER - SURF DIAMOND","STICKERS","STICKERS","0","Y","UNSUPPORTED_ROUTING"
"130137151","13","ATM-0056-999-OS","MENS STICKER - TRI WAVE","STICKERS","STICKERS","0","Y","UNSUPPORTED_ROUTING"
"130137151","7","ATM-0008-999-OS","MENS STICKER - TRIO BOARDS","STICKERS","STICKERS","0","Y","UNSUPPORTED_ROUTING"
"130137151","9","ATM-0042-999-OS","MENS STICKER - LUCKY MARLIN","STICKERS","STICKERS","0","Y","UNSUPPORTED_ROUTING"
"130137153","24","ASL-2701-999-OS","WOMENS STICKER - GROOVY PALM","STICKERS","STICKERS","10","Y","UNSUPPORTED_ROUTING"
"130137153","26","ASL-2704-999-OS","WOMENS STICKER - WHALE SONG","STICKERS","STICKERS","10","Y","UNSUPPORTED_ROUTING"
"130137153","28","ASL-2706-999-OS","WOMENS STICKER - ON THE HORIZON","STICKERS","STICKERS","10","Y","UNSUPPORTED_ROUTING"
"130137153","30","ASL-2707-999-OS","WOMENS STICKER - SOFT SUNRISE","STICKERS","STICKERS","10","Y","UNSUPPORTED_ROUTING"
"130137153","32","ASM-2712-999-OS","MENS STICKER - SCENIC PALMS","STICKERS","STICKERS","10","Y","UNSUPPORTED_ROUTING"
"130137153","34","ASM-2713-999-OS","MENS STICKER - WHALES","STICKERS","STICKERS","10","Y","UNSUPPORTED_ROUTING"
"130137153","36","ATM-0057-999-OS","MENS STICKER - HORIZON","STICKERS","STICKERS","10","Y","UNSUPPORTED_ROUTING"
"130137154","34","ASB-2779-999-OS","BOYS STICKER - SURF'S UP","STICKERS","STICKERS","0","Y","UNSUPPORTED_ROUTING"
"130137154","36","ASG-2784-999-OS","GIRLS STICKER - KEEP IT SUNNY","STICKERS","STICKERS","0","Y","UNSUPPORTED_ROUTING"
"130137154","38","ASG-2786-999-OS","GIRLS STICKER - CALL ME ON MY SHELL","STICKERS","STICKERS","0","Y","UNSUPPORTED_ROUTING"
"130137154","40","ASL-2701-999-OS","WOMENS STICKER - GROOVY PALM","STICKERS","STICKERS","0","Y","UNSUPPORTED_ROUTING"
"130137154","42","ASL-2702-999-OS","WOMENS STICKER - HIBISCUS","STICKERS","STICKERS","0","Y","UNSUPPORTED_ROUTING"
"130137154","44","ASL-2703-999-OS","WOMENS STICKER - KOMBI SCENE","STICKERS","STICKERS","0","Y","UNSUPPORTED_ROUTING"
"130137154","46","ASL-2704-999-OS","WOMENS STICKER - WHALE SONG","STICKERS","STICKERS","0","Y","UNSUPPORTED_ROUTING"
"130137154","48","ASL-2705-999-OS","WOMENS STICKER - SUNRISE TURTLE","STICKERS","STICKERS","0","Y","UNSUPPORTED_ROUTING"
"130137154","50","ASL-2706-999-OS","WOMENS STICKER - ON THE HORIZON","STICKERS","STICKERS","0","Y","UNSUPPORTED_ROUTING"
"130137154","52","ASL-2707-999-OS","WOMENS STICKER - SOFT SUNRISE","STICKERS","STICKERS","0","Y","UNSUPPORTED_ROUTING"
"130137154","54","ASM-2215-999-OS","MENS STICKER - HIBISCUS BADGE","STICKERS","STICKERS","0","Y","UNSUPPORTED_ROUTING"
"130137154","56","ASM-2708-999-OS","MENS STICKER - VIBIN","STICKERS","STICKERS","0","Y","UNSUPPORTED_ROUTING"
"130137154","58","ASM-2709-999-OS","MENS STICKER - CUTBACK","STICKERS","STICKERS","0","Y","UNSUPPORTED_ROUTING"
"130137154","60","ASM-2716-999-OS","MENS STICKER - SURF BADGE","STICKERS","STICKERS","0","Y","UNSUPPORTED_ROUTING"
"130137154","62","ATL-0047-999-OS","WOMENS STICKER - GOOD VIBES ONLY","STICKERS","STICKERS","0","Y","UNSUPPORTED_ROUTING"
"130137154","64","ATL-0052-999-OS","WOMENS STICKER - SURF TRIP","STICKERS","STICKERS","0","Y","UNSUPPORTED_ROUTING"
"130137154","66","ATM-0008-999-OS","MENS STICKER - TRIO BOARDS","STICKERS","STICKERS","0","Y","UNSUPPORTED_ROUTING"
"130137154","68","ATM-0010-999-OS","MENS STICKER - BEACH WAGON","STICKERS","STICKERS","0","Y","UNSUPPORTED_ROUTING"
"130137154","70","ATM-0037-999-OS","MENS STICKER - WAVESCAPE","STICKERS","STICKERS","0","Y","UNSUPPORTED_ROUTING"
"130137154","72","ATM-0044-999-OS","MENS STICKER - SURF BADGE","STICKERS","STICKERS","0","Y","UNSUPPORTED_ROUTING"
"130137154","74","ATM-0048-999-OS","MENS STICKER - SURF DIAMOND","STICKERS","STICKERS","0","Y","UNSUPPORTED_ROUTING"
"130137154","76","ATM-0056-999-OS","MENS STICKER - TRI WAVE","STICKERS","STICKERS","0","Y","UNSUPPORTED_ROUTING"
"130137216","1","ASB-2774-999-OS","BOYS STICKER - CROCODILE CRUISE","STICKERS","STICKERS","10","Y","UNSUPPORTED_ROUTING"
"130137216","11","ATL-0003-999-OS","WOMENS STICKER - MANDALA BOARD","STICKERS","STICKERS","10","Y","UNSUPPORTED_ROUTING"
"130137216","13","ATL-0023-999-OS","WOMENS STICKER - OCEAN PURSUIT","STICKERS","STICKERS","10","Y","UNSUPPORTED_ROUTING"
"130137216","15","ATM-0007-999-OS","MENS STICKER - SURF FORMATION","STICKERS","STICKERS","10","Y","UNSUPPORTED_ROUTING"
"130137216","17","ATM-0037-999-OS","MENS STICKER - WAVESCAPE","STICKERS","STICKERS","10","Y","UNSUPPORTED_ROUTING"
"130137216","19","ATM-0048-999-OS","MENS STICKER - SURF DIAMOND","STICKERS","STICKERS","10","Y","UNSUPPORTED_ROUTING"
"130137216","3","ASG-2786-999-OS","GIRLS STICKER - CALL ME ON MY SHELL","STICKERS","STICKERS","10","Y","UNSUPPORTED_ROUTING"
"130137216","5","ATB-0045-999-OS","BOYS STICKER - BITE ME TROUBLE SHARK","STICKERS","STICKERS","10","Y","UNSUPPORTED_ROUTING"
"130137216","7","ATG-0008-999-OS","GIRLS STICKER - COMBI FUN","STICKERS","STICKERS","10","Y","UNSUPPORTED_ROUTING"
"130137216","9","ATL-0002-999-OS","WOMENS STICKER - PEACE COMBI","STICKERS","STICKERS","10","Y","UNSUPPORTED_ROUTING"
"130137270","34","ASB-2776-999-OS","BOYS STICKER - 90S JAWSOME","STICKERS","STICKERS","10","Y","UNSUPPORTED_ROUTING"
"130137270","36","ASB-2777-999-OS","BOYS STICKER - FISH TROUBLE","STICKERS","STICKERS","10","Y","UNSUPPORTED_ROUTING"
"130137270","38","ASB-2778-999-OS","BOYS STICKER - SHADEY TROUBLE","STICKERS","STICKERS","10","Y","UNSUPPORTED_ROUTING"
"130137270","40","ASB-2790-999-OS","BOYS STICKER - THUMBS UP GDAY","STICKERS","STICKERS","10","Y","UNSUPPORTED_ROUTING"
"130137270","42","ASB-2793-999-OS","BOYS STICKER - SALTY MATES","STICKERS","STICKERS","10","Y","UNSUPPORTED_ROUTING"
"130137270","44","ASG-0827-999-OS","GIRLS STICKER - OZ FLORAL MAP","STICKERS","STICKERS","10","Y","UNSUPPORTED_ROUTING"
"130137270","46","ASG-2422-999-OS","GIRLS STICKER - WHALE TAIL","STICKERS","STICKERS","10","Y","UNSUPPORTED_ROUTING"
"130137270","48","ASG-2786-999-OS","GIRLS STICKER - CALL ME ON MY SHELL","STICKERS","STICKERS","10","Y","UNSUPPORTED_ROUTING"
"130137270","50","ASG-2796-999-OS","GIRLS STICKER - GDAY AUSTRALIA","STICKERS","STICKERS","10","Y","UNSUPPORTED_ROUTING"
"130137270","52","ASG-2797-999-OS","GIRLS STICKER - BIRDSONG MAP OZ","STICKERS","STICKERS","10","Y","UNSUPPORTED_ROUTING"
"130137270","54","ASG-2801-999-OS","GIRLS STICKER - TOGETHER WE ROAM","STICKERS","STICKERS","10","Y","UNSUPPORTED_ROUTING"
"130137270","56","ASG-2802-999-OS","GIRLS STICKER - LITTLE AUSSIE ADVENTURE","STICKERS","STICKERS","10","Y","UNSUPPORTED_ROUTING"
"130137270","58","ASL-2704-999-OS","WOMENS STICKER - WHALE SONG","STICKERS","STICKERS","10","Y","UNSUPPORTED_ROUTING"
"130137270","60","ASL-2705-999-OS","WOMENS STICKER - SUNRISE TURTLE","STICKERS","STICKERS","10","Y","UNSUPPORTED_ROUTING"
"130137270","62","ASM-2543-999-OS","MENS STICKER - COASTAL CRAB","STICKERS","STICKERS","10","Y","UNSUPPORTED_ROUTING"
"130137270","64","ASM-2709-999-OS","MENS STICKER - CUTBACK","STICKERS","STICKERS","10","Y","UNSUPPORTED_ROUTING"
"130137270","66","ASM-2712-999-OS","MENS STICKER - SCENIC PALMS","STICKERS","STICKERS","10","Y","UNSUPPORTED_ROUTING"
"130137270","68","ATB-0004-999-OS","BOYS STICKER - NICE TO MEET YOU","STICKERS","STICKERS","10","Y","UNSUPPORTED_ROUTING"
"130137270","70","ATB-0005-999-OS","BOYS STICKER - LOCALS ONLY","STICKERS","STICKERS","10","Y","UNSUPPORTED_ROUTING"
"130137270","72","ATB-0008-999-OS","BOYS STICKER - ITS ALL GOOD","STICKERS","STICKERS","10","Y","UNSUPPORTED_ROUTING"
"130137270","74","ATB-0012-999-OS","BOYS STICKER - ANIMALS DOWNUNDER","STICKERS","STICKERS","10","Y","UNSUPPORTED_ROUTING"
"130137270","76","ATB-0032-999-OS","BOYS STICKER - NO BAD DAYS","STICKERS","STICKERS","10","Y","UNSUPPORTED_ROUTING"
"130137270","78","ATB-0033-999-OS","BOYS STICKER - JAWSOME","STICKERS","STICKERS","10","Y","UNSUPPORTED_ROUTING"
"130137270","80","ATB-0034-999-OS","BOYS STICKER - FOREVER STOKED FIN","STICKERS","STICKERS","10","Y","UNSUPPORTED_ROUTING"
"130137270","82","ATB-0035-999-OS","BOYS STICKER - TAKE IT EASY JEEP","STICKERS","STICKERS","10","Y","UNSUPPORTED_ROUTING"
"130137270","84","ATB-0040-999-OS","BOYS STICKER - BOARD STACK","STICKERS","STICKERS","10","Y","UNSUPPORTED_ROUTING"
"130137270","86","ATB-0045-999-OS","BOYS STICKER - BITE ME TROUBLE SHARK","STICKERS","STICKERS","10","Y","UNSUPPORTED_ROUTING"
"130137270","88","ATB-0052-999-OS","BOYS STICKER - SCENIC SHARK","STICKERS","STICKERS","10","Y","UNSUPPORTED_ROUTING"
"130137270","90","ATB-0054-999-OS","BOYS STICKER - STAY SALTY LOBSTER","STICKERS","STICKERS","10","Y","UNSUPPORTED_ROUTING"
"130137270","92","ATG-0032-999-OS","GIRLS STICKER - HELLO SUMMER FLORAL","STICKERS","STICKERS","10","Y","UNSUPPORTED_ROUTING"
"130137270","94","ATM-0031-999-OS","MENS STICKER - FISHING SPLICE","STICKERS","STICKERS","10","Y","UNSUPPORTED_ROUTING"
"130137270","96","ATM-0051-999-OS","MENS STICKER - LOBSTER","STICKERS","STICKERS","10","Y","UNSUPPORTED_ROUTING"
"130137270","98","ATM-0060-999-OS","MENS STICKER - PASSING THROUGH","STICKERS","STICKERS","10","Y","UNSUPPORTED_ROUTING"
"130137335","35","ASL-2703-999-OS","WOMENS STICKER - KOMBI SCENE","STICKERS","STICKERS","10","Y","UNSUPPORTED_ROUTING"
"130137335","37","ASM-2371-999-OS","MENS STICKER - COASTLINE","STICKERS","STICKERS","10","Y","UNSUPPORTED_ROUTING"
"130137335","39","ASM-2709-999-OS","MENS STICKER - CUTBACK","STICKERS","STICKERS","10","Y","UNSUPPORTED_ROUTING"
"130137335","41","ASM-2713-999-OS","MENS STICKER - WHALES","STICKERS","STICKERS","10","Y","UNSUPPORTED_ROUTING"
"130137335","43","ASM-2716-999-OS","MENS STICKER - SURF BADGE","STICKERS","STICKERS","10","Y","UNSUPPORTED_ROUTING"
"130137335","45","ATL-0037-999-OS","WOMENS STICKER - VAN LIFE","STICKERS","STICKERS","10","Y","UNSUPPORTED_ROUTING"
"130137335","47","ATL-0049-999-OS","WOMENS STICKER - HAPPY SURF","STICKERS","STICKERS","10","Y","UNSUPPORTED_ROUTING"
"130137335","49","ATL-0052-999-OS","WOMENS STICKER - SURF TRIP","STICKERS","STICKERS","10","Y","UNSUPPORTED_ROUTING"
"130137335","51","ATM-0008-999-OS","MENS STICKER - TRIO BOARDS","STICKERS","STICKERS","10","Y","UNSUPPORTED_ROUTING"
"130137346","42","ASB-2428-999-OS","BOYS STICKER - KANGABOOM","STICKERS","STICKERS","0","Y","UNSUPPORTED_ROUTING"
"130137346","44","ASB-2790-999-OS","BOYS STICKER - THUMBS UP GDAY","STICKERS","STICKERS","0","Y","UNSUPPORTED_ROUTING"
"130137346","46","ASB-2794-999-OS","BOYS STICKER - KOALA DOWN UNDER","STICKERS","STICKERS","0","Y","UNSUPPORTED_ROUTING"
"130137346","48","ASG-0826-999-OS","GIRLS STICKER - MUMMA KOALA","STICKERS","STICKERS","0","Y","UNSUPPORTED_ROUTING"
"130137346","50","ASG-2426-999-OS","GIRLS STICKER - AUSSIE ROO","STICKERS","STICKERS","0","Y","UNSUPPORTED_ROUTING"
"130137346","52","ASG-2796-999-OS","GIRLS STICKER - GDAY AUSTRALIA","STICKERS","STICKERS","0","Y","UNSUPPORTED_ROUTING"
"130137346","54","ASG-2797-999-OS","GIRLS STICKER - BIRDSONG MAP OZ","STICKERS","STICKERS","0","Y","UNSUPPORTED_ROUTING"
"130137346","56","ASL-2385-999-OS","WOMENS STICKER - AUSTRALIA FADE","STICKERS","STICKERS","0","Y","UNSUPPORTED_ROUTING"
"130137346","58","ASL-2388-999-OS","WOMENS STICKER - AUSSIE COLLECTION","STICKERS","STICKERS","0","Y","UNSUPPORTED_ROUTING"
"130137346","60","ASL-2389-999-OS","WOMENS STICKER - TWO KOALAS","STICKERS","STICKERS","0","Y","UNSUPPORTED_ROUTING"
"130137346","62","ASL-2722-999-OS","WOMENS STICKER - OZ STORY","STICKERS","STICKERS","0","Y","UNSUPPORTED_ROUTING"
"130137346","64","ASL-2723-999-OS","WOMENS STICKER - OZ COLLAGE","STICKERS","STICKERS","0","Y","UNSUPPORTED_ROUTING"
"130137346","66","ASM-2384-999-OS","MENS STICKER - AUSSIE LEGEND","STICKERS","STICKERS","0","Y","UNSUPPORTED_ROUTING"
"130137346","68","ASM-2718-999-OS","MENS STICKER - RETRO ROO","STICKERS","STICKERS","0","Y","UNSUPPORTED_ROUTING"
"130137346","70","ASM-2719-999-OS","MENS STICKER - OZ ROAD TRIP","STICKERS","STICKERS","0","Y","UNSUPPORTED_ROUTING"
"130137346","72","ASM-2720-999-OS","MENS STICKER - HOOROO","STICKERS","STICKERS","0","Y","UNSUPPORTED_ROUTING"
"130137346","74","ASU-2233-999-OS","UNIVERSAL STICKER - THREE SISTERS NAVY","STICKERS","STICKERS","0","Y","UNSUPPORTED_ROUTING"
"130137346","76","ATB-0014-999-OS","BOYS STICKER - AUSSIE SURFARI","STICKERS","STICKERS","0","Y","UNSUPPORTED_ROUTING"
"130137346","78","ATL-0009-999-OS","WOMENS STICKER - HERO ROO","STICKERS","STICKERS","0","Y","UNSUPPORTED_ROUTING"
"130137346","80","ATL-0011-999-OS","WOMENS STICKER - KOALA","STICKERS","STICKERS","0","Y","UNSUPPORTED_ROUTING"
"130137346","82","ATL-0053-999-OS","WOMENS STICKER - DUSK ROO","STICKERS","STICKERS","0","Y","UNSUPPORTED_ROUTING"
"130137346","84","ATM-0002-999-OS","MENS STICKER - HERO ROO","STICKERS","STICKERS","0","Y","UNSUPPORTED_ROUTING"
"130137346","86","ATM-0003-999-OS","MENS STICKER - LUCKY COUNTRY","STICKERS","STICKERS","0","Y","UNSUPPORTED_ROUTING"
"130137346","88","ATM-0041-999-OS","MENS STICKER - GDAY LADS","STICKERS","STICKERS","0","Y","UNSUPPORTED_ROUTING"
"130137364","33","ASL-2701-999-OS","WOMENS STICKER - GROOVY PALM","STICKERS","STICKERS","10","Y","UNSUPPORTED_ROUTING"
"130137364","35","ASM-2369-999-OS","MENS STICKER - TRIBAL TURTLE","STICKERS","STICKERS","10","Y","UNSUPPORTED_ROUTING"
"130137364","37","ASM-2712-999-OS","MENS STICKER - SCENIC PALMS","STICKERS","STICKERS","10","Y","UNSUPPORTED_ROUTING"
"130137364","39","ASM-2713-999-OS","MENS STICKER - WHALES","STICKERS","STICKERS","10","Y","UNSUPPORTED_ROUTING"
"130137364","41","ATL-0038-999-OS","WOMENS STICKER - GOOD TIMES SUN","STICKERS","STICKERS","10","Y","UNSUPPORTED_ROUTING"
"130137393","101","ATL-0035-999-OS","WOMENS STICKER - WHALES","STICKERS","STICKERS","11","Y","UNSUPPORTED_ROUTING"
"130137393","103","ATG-0031-999-OS","GIRLS STICKER - VITAMIN SEA JEEP","STICKERS","STICKERS","10","Y","UNSUPPORTED_ROUTING"
"130137393","105","ATG-0042-999-OS","GIRLS STICKER - DECORATIVE WHALE","STICKERS","STICKERS","12","Y","UNSUPPORTED_ROUTING"
"130137393","107","ATB-0050-999-OS","BOYS STICKER - SCENIC BOARD","STICKERS","STICKERS","11","Y","UNSUPPORTED_ROUTING"
"130137393","109","ATB-0055-999-OS","BOYS STICKER - STAY CHILL PALM","STICKERS","STICKERS","10","Y","UNSUPPORTED_ROUTING"
"130137393","111","ATG-0045-999-OS","GIRLS STICKER - SCENIC TURTLE","STICKERS","STICKERS","15","Y","UNSUPPORTED_ROUTING"
"130137393","113","ASL-2381-999-OS","WOMENS STICKER - SUNKISSED DUO","STICKERS","STICKERS","12","Y","UNSUPPORTED_ROUTING"
"130137393","115","ASM-2369-999-OS","MENS STICKER - TRIBAL TURTLE","STICKERS","STICKERS","14","Y","UNSUPPORTED_ROUTING"
"130137393","87","ASB-2429-999-OS","BOYS STICKER - AUSSIE MAP","STICKERS","STICKERS","10","Y","UNSUPPORTED_ROUTING"
"130137393","89","ATB-0004-999-OS","BOYS STICKER - NICE TO MEET YOU","STICKERS","STICKERS","12","Y","UNSUPPORTED_ROUTING"
"130137393","91","ATB-0005-999-OS","BOYS STICKER - LOCALS ONLY","STICKERS","STICKERS","14","Y","UNSUPPORTED_ROUTING"
"130137393","93","ATB-0013-999-OS","BOYS STICKER - HIPSTER KOALA","STICKERS","STICKERS","14","Y","UNSUPPORTED_ROUTING"
"130137393","95","ATL-0009-999-OS","WOMENS STICKER - HERO ROO","STICKERS","STICKERS","11","Y","UNSUPPORTED_ROUTING"
"130137393","97","ATM-0012-999-OS","MENS STICKER - SHAKA","STICKERS","STICKERS","11","Y","UNSUPPORTED_ROUTING"
"130137393","99","ATB-0028-999-OS","BOYS STICKER - SKATER CROC","STICKERS","STICKERS","10","Y","UNSUPPORTED_ROUTING"
"130137400","1","ATG-0009-999-OS","GIRLS STICKER - PRETTY TURTLE","STICKERS","STICKERS","10","Y","UNSUPPORTED_ROUTING"
"130137400","11","ASL-2388-999-OS","WOMENS STICKER - AUSSIE COLLECTION","STICKERS","STICKERS","10","Y","UNSUPPORTED_ROUTING"
"130137400","13","ASM-2369-999-OS","MENS STICKER - TRIBAL TURTLE","STICKERS","STICKERS","25","Y","UNSUPPORTED_ROUTING"
"130137400","15","ASM-2373-999-OS","MENS STICKER - SHAKA SURF DUO","STICKERS","STICKERS","10","Y","UNSUPPORTED_ROUTING"
"130137400","3","ATL-0001-999-OS","WOMENS STICKER - PALM ISLAND","STICKERS","STICKERS","11","Y","UNSUPPORTED_ROUTING"
"130137400","5","ATL-0009-999-OS","WOMENS STICKER - HERO ROO","STICKERS","STICKERS","10","Y","UNSUPPORTED_ROUTING"
"130137400","7","ASL-2230-999-OS","WOMENS STICKER - BEACH CLUB","STICKERS","STICKERS","10","Y","UNSUPPORTED_ROUTING"
"130137400","9","ASL-2381-999-OS","WOMENS STICKER - SUNKISSED DUO","STICKERS","STICKERS","13","Y","UNSUPPORTED_ROUTING"
"130137401","37","ASL-2475-999-OS","WOMENS STICKER - PCC GREETINGS BROWN","STICKERS","STICKERS","10","Y","UNSUPPORTED_ROUTING"
"130137401","39","ASL-2476-999-OS","WOMENS STICKER - PCC GRADIENT ALOHA DUO","STICKERS","STICKERS","30","Y","UNSUPPORTED_ROUTING"
"130137401","41","ASM-2470-999-OS","MENS STICKER - PCC PATTERN LOGO RUST","STICKERS","STICKERS","20","Y","UNSUPPORTED_ROUTING"
"130137401","43","ASM-2471-999-OS","MENS STICKER - PCC PATTERN CIRCLE YELLOW","STICKERS","STICKERS","30","Y","UNSUPPORTED_ROUTING"
"130137401","45","ASM-2472-999-OS","MENS STICKER - PCC PATTERN CIRCLE GREEN","STICKERS","STICKERS","30","Y","UNSUPPORTED_ROUTING"
"130137401","47","ASM-2477-999-OS","MENS STICKER - PCC PATTERN ALOHA DUO","STICKERS","STICKERS","30","Y","UNSUPPORTED_ROUTING"
"130137401","49","ATL-0001-999-OS","WOMENS STICKER - PALM ISLAND","STICKERS","STICKERS","30","Y","UNSUPPORTED_ROUTING"
"130137401","51","ATL-0024-999-OS","WOMENS STICKER - ALOHA RISING","STICKERS","STICKERS","30","Y","UNSUPPORTED_ROUTING"
"130137401","53","ATL-0025-999-OS","WOMENS STICKER - ALOHA PALM","STICKERS","STICKERS","30","Y","UNSUPPORTED_ROUTING"
"130137401","55","ATL-0026-999-OS","WOMENS STICKER - HAWAII SUN","STICKERS","STICKERS","20","Y","UNSUPPORTED_ROUTING"
"130137401","57","ATL-0027-999-OS","WOMENS STICKER - HAWAII ISLAND SUN","STICKERS","STICKERS","30","Y","UNSUPPORTED_ROUTING"
"130137401","59","ATL-0052-999-OS","WOMENS STICKER - SURF TRIP","STICKERS","STICKERS","10","Y","UNSUPPORTED_ROUTING"
"130137401","61","ATM-0008-999-OS","MENS STICKER - TRIO BOARDS","STICKERS","STICKERS","10","Y","UNSUPPORTED_ROUTING"
"130137401","63","ATM-0012-999-OS","MENS STICKER - SHAKA","STICKERS","STICKERS","30","Y","UNSUPPORTED_ROUTING"
"130137401","65","ATM-0023-999-OS","MENS STICKER - ALOHA SCENE","STICKERS","STICKERS","30","Y","UNSUPPORTED_ROUTING"
"130137401","67","ATM-0026-999-OS","MENS STICKER - HAWAII PLATE","STICKERS","STICKERS","20","Y","UNSUPPORTED_ROUTING"
"130137401","69","ATM-0027-999-OS","MENS STICKER - ALOHA SHAKA","STICKERS","STICKERS","30","Y","UNSUPPORTED_ROUTING"
"130137401","71","ATM-0028-999-OS","MENS STICKER - HAWAII RING","STICKERS","STICKERS","20","Y","UNSUPPORTED_ROUTING"
"130137401","73","ATM-0036-999-OS","MENS STICKER - LINEOUT","STICKERS","STICKERS","10","Y","UNSUPPORTED_ROUTING"
"130137402","51","ATB-0021-999-OS","BOYS STICKER - HAWAII PINEAPPLE","STICKERS","STICKERS","10","Y","UNSUPPORTED_ROUTING"
"130137402","53","ATB-0025-999-OS","BOYS STICKER - HAWAII ICONS","STICKERS","STICKERS","30","Y","UNSUPPORTED_ROUTING"
"130137402","55","ATB-0052-999-OS","BOYS STICKER - SCENIC SHARK","STICKERS","STICKERS","30","Y","UNSUPPORTED_ROUTING"
"130137402","57","ATG-0027-999-OS","GIRLS STICKER - HAWAII ICONS","STICKERS","STICKERS","30","Y","UNSUPPORTED_ROUTING"
"130137402","59","ATG-0031-999-OS","GIRLS STICKER - VITAMIN SEA JEEP","STICKERS","STICKERS","30","Y","UNSUPPORTED_ROUTING"
"130137402","61","ATG-0038-999-OS","GIRLS STICKER - HELLO SUNSHINE","STICKERS","STICKERS","10","Y","UNSUPPORTED_ROUTING"
"130137402","63","ATG-0045-999-OS","GIRLS STICKER - SCENIC TURTLE","STICKERS","STICKERS","30","Y","UNSUPPORTED_ROUTING"
"130137402","65","ATG-0048-999-OS","GIRLS STICKER - HEART SCENIC","STICKERS","STICKERS","30","Y","UNSUPPORTED_ROUTING"
"130137402","67","ATG-0050-999-OS","GIRLS STICKER - ALOHA PINEAPPLE","STICKERS","STICKERS","40","Y","UNSUPPORTED_ROUTING"
"130137404","10","ATL-0039-999-OS","WOMENS STICKER - SUNSET MERMAID","STICKERS","STICKERS","10","Y","UNSUPPORTED_ROUTING"
"130137404","12","ATM-0009-999-OS","MENS STICKER - COMBI PARADISE","STICKERS","STICKERS","10","Y","UNSUPPORTED_ROUTING"
"130137404","14","ATM-0010-999-OS","MENS STICKER - BEACH WAGON","STICKERS","STICKERS","10","Y","UNSUPPORTED_ROUTING"
"130137404","16","ATM-0044-999-OS","MENS STICKER - SURF BADGE","STICKERS","STICKERS","10","Y","UNSUPPORTED_ROUTING"
"130137404","18","ATM-0056-999-OS","MENS STICKER - TRI WAVE","STICKERS","STICKERS","10","Y","UNSUPPORTED_ROUTING"
"130137404","20","ATM-0057-999-OS","MENS STICKER - HORIZON","STICKERS","STICKERS","10","Y","UNSUPPORTED_ROUTING"
"130137404","22","ATM-0058-999-OS","MENS STICKER - BOARD EVOLUTION","STICKERS","STICKERS","10","Y","UNSUPPORTED_ROUTING"
"130137404","24","ATM-0059-999-OS","MENS STICKER - BOARD STACK","STICKERS","STICKERS","10","Y","UNSUPPORTED_ROUTING"
"130137404","6","ASM-0011-999-OS","MENS STICKER - STAY SALTY FIN","STICKERS","STICKERS","10","Y","UNSUPPORTED_ROUTING"
"130137404","8","ATL-0006-999-OS","WOMENS STICKER - STARFISH","STICKERS","STICKERS","10","Y","UNSUPPORTED_ROUTING"
"130137406","49","ASG-2423-999-OS","GIRLS STICKER - REEF FISH","STICKERS","STICKERS","10","Y","UNSUPPORTED_ROUTING"
"130137406","51","ATB-0007-999-OS","BOYS STICKER - STAY RAD SEAGULL","STICKERS","STICKERS","10","Y","UNSUPPORTED_ROUTING"
"130137406","53","ATL-0009-999-OS","WOMENS STICKER - HERO ROO","STICKERS","STICKERS","16","Y","UNSUPPORTED_ROUTING"
"130137406","55","ASL-2379-999-OS","WOMENS STICKER - SOFT SUN DUO","STICKERS","STICKERS","10","Y","UNSUPPORTED_ROUTING"
"130137406","57","ASM-2374-999-OS","MENS STICKER - COMBI FIN DUO","STICKERS","STICKERS","10","Y","UNSUPPORTED_ROUTING"
"130137407","18","ASL-2705-999-OS","WOMENS STICKER - SUNRISE TURTLE","STICKERS","STICKERS","20","Y","UNSUPPORTED_ROUTING"
"130137407","20","ATL-0025-999-OS","WOMENS STICKER - ALOHA PALM","STICKERS","STICKERS","30","Y","UNSUPPORTED_ROUTING"
"130137407","22","ATL-0027-999-OS","WOMENS STICKER - HAWAII ISLAND SUN","STICKERS","STICKERS","20","Y","UNSUPPORTED_ROUTING"
"130137407","24","ATL-0029-999-OS","WOMENS STICKER - ALOHA PINEAPPLE","STICKERS","STICKERS","20","Y","UNSUPPORTED_ROUTING"
"130137407","26","ATM-0023-999-OS","MENS STICKER - ALOHA SCENE","STICKERS","STICKERS","30","Y","UNSUPPORTED_ROUTING"
"130137407","28","ATM-0027-999-OS","MENS STICKER - ALOHA SHAKA","STICKERS","STICKERS","30","Y","UNSUPPORTED_ROUTING"
"130137408","109","ATB-0013-999-OS","BOYS STICKER - HIPSTER KOALA","STICKERS","STICKERS","10","Y","UNSUPPORTED_ROUTING"
"130137408","111","ATM-0040-999-OS","MENS STICKER - LUCKY ROO","STICKERS","STICKERS","11","Y","UNSUPPORTED_ROUTING"
"130137408","113","ATG-0045-999-OS","GIRLS STICKER - SCENIC TURTLE","STICKERS","STICKERS","11","Y","UNSUPPORTED_ROUTING"
"130137408","115","ATG-0046-999-OS","GIRLS STICKER - FREE BY THE SEA","STICKERS","STICKERS","11","Y","UNSUPPORTED_ROUTING"
"130137408","117","ATG-0048-999-OS","GIRLS STICKER - HEART SCENIC","STICKERS","STICKERS","15","Y","UNSUPPORTED_ROUTING"
"130137408","119","ASL-2380-999-OS","WOMENS STICKER - DREAM VACAY DUO","STICKERS","STICKERS","10","Y","UNSUPPORTED_ROUTING"
"130137408","121","ASM-2374-999-OS","MENS STICKER - COMBI FIN DUO","STICKERS","STICKERS","10","Y","UNSUPPORTED_ROUTING"
"130137409","101","ATB-0050-999-OS","BOYS STICKER - SCENIC BOARD","STICKERS","STICKERS","14","Y","UNSUPPORTED_ROUTING"
"130137409","103","ATG-0047-999-OS","GIRLS STICKER - GOOD VIBES","STICKERS","STICKERS","16","Y","UNSUPPORTED_ROUTING"
"130137409","105","ASL-2230-999-OS","WOMENS STICKER - BEACH CLUB","STICKERS","STICKERS","17","Y","UNSUPPORTED_ROUTING"
"130137409","107","ASL-2379-999-OS","WOMENS STICKER - SOFT SUN DUO","STICKERS","STICKERS","15","Y","UNSUPPORTED_ROUTING"
"130137409","109","ASL-2380-999-OS","WOMENS STICKER - DREAM VACAY DUO","STICKERS","STICKERS","21","Y","UNSUPPORTED_ROUTING"
"130137409","111","ASL-2381-999-OS","WOMENS STICKER - SUNKISSED DUO","STICKERS","STICKERS","10","Y","UNSUPPORTED_ROUTING"
"130137409","113","ASL-2389-999-OS","WOMENS STICKER - TWO KOALAS","STICKERS","STICKERS","12","Y","UNSUPPORTED_ROUTING"
"130137409","115","ASM-2369-999-OS","MENS STICKER - TRIBAL TURTLE","STICKERS","STICKERS","14","Y","UNSUPPORTED_ROUTING"
"130137409","117","ASM-2372-999-OS","MENS STICKER - MARLIN TAIL DUO","STICKERS","STICKERS","10","Y","UNSUPPORTED_ROUTING"
"130137409","119","ASM-2373-999-OS","MENS STICKER - SHAKA SURF DUO","STICKERS","STICKERS","13","Y","UNSUPPORTED_ROUTING"
"130137409","67","ASB-2429-999-OS","BOYS STICKER - AUSSIE MAP","STICKERS","STICKERS","12","Y","UNSUPPORTED_ROUTING"
"130137409","69","ASB-2430-999-OS","BOYS STICKER - G'DAY MATE","STICKERS","STICKERS","13","Y","UNSUPPORTED_ROUTING"
"130137409","71","ASB-2424-999-OS","BOYS STICKER - BIG WAVE SURFER","STICKERS","STICKERS","10","Y","UNSUPPORTED_ROUTING"
"130137409","73","ASB-2439-999-OS","BOYS STICKER - GOOD VIBES PALM","STICKERS","STICKERS","10","Y","UNSUPPORTED_ROUTING"
"130137409","75","ASG-2438-999-OS","GIRLS STICKER - SUMMER VIBES","STICKERS","STICKERS","10","Y","UNSUPPORTED_ROUTING"
"130137409","77","ATB-0004-999-OS","BOYS STICKER - NICE TO MEET YOU","STICKERS","STICKERS","15","Y","UNSUPPORTED_ROUTING"
"130137409","79","ATB-0011-999-OS","BOYS STICKER - AUS HANGLOOSE","STICKERS","STICKERS","12","Y","UNSUPPORTED_ROUTING"
"130137409","81","ATB-0012-999-OS","BOYS STICKER - ANIMALS DOWNUNDER","STICKERS","STICKERS","14","Y","UNSUPPORTED_ROUTING"
"130137409","83","ATB-0013-999-OS","BOYS STICKER - HIPSTER KOALA","STICKERS","STICKERS","14","Y","UNSUPPORTED_ROUTING"
"130137409","85","ATL-0009-999-OS","WOMENS STICKER - HERO ROO","STICKERS","STICKERS","10","Y","UNSUPPORTED_ROUTING"
"130137409","87","ATM-0012-999-OS","MENS STICKER - SHAKA","STICKERS","STICKERS","10","Y","UNSUPPORTED_ROUTING"
"130137409","89","ATM-0040-999-OS","MENS STICKER - LUCKY ROO","STICKERS","STICKERS","14","Y","UNSUPPORTED_ROUTING"
"130137409","91","ATB-0033-999-OS","BOYS STICKER - JAWSOME","STICKERS","STICKERS","10","Y","UNSUPPORTED_ROUTING"
"130137409","93","ATL-0035-999-OS","WOMENS STICKER - WHALES","STICKERS","STICKERS","16","Y","UNSUPPORTED_ROUTING"
"130137409","95","ATG-0043-999-OS","GIRLS STICKER - SUNSET SURFER","STICKERS","STICKERS","13","Y","UNSUPPORTED_ROUTING"
"130137409","97","ATG-0042-999-OS","GIRLS STICKER - DECORATIVE WHALE","STICKERS","STICKERS","10","Y","UNSUPPORTED_ROUTING"
"130137409","99","ASB-2420-999-OS","BOYS STICKER - WAVE JUMPER","STICKERS","STICKERS","11","Y","UNSUPPORTED_ROUTING"
"130137413","85","ATL-0009-999-OS","WOMENS STICKER - HERO ROO","STICKERS","STICKERS","11","Y","UNSUPPORTED_ROUTING"
"130137413","87","ATG-0045-999-OS","GIRLS STICKER - SCENIC TURTLE","STICKERS","STICKERS","10","Y","UNSUPPORTED_ROUTING"
"130137413","89","ASM-2373-999-OS","MENS STICKER - SHAKA SURF DUO","STICKERS","STICKERS","10","Y","UNSUPPORTED_ROUTING"
"130137413","91","ASM-2383-999-OS","MENS STICKER - OZ BOTTLE TOP","STICKERS","STICKERS","10","Y","UNSUPPORTED_ROUTING"
"130137418","102","ATB-0007-999-OS","BOYS STICKER - STAY RAD SEAGULL","STICKERS","STICKERS","10","Y","UNSUPPORTED_ROUTING"
"130137418","104","ATM-0012-999-OS","MENS STICKER - SHAKA","STICKERS","STICKERS","10","Y","UNSUPPORTED_ROUTING"
"130137418","106","ATB-0031-999-OS","BOYS STICKER - GOOD VIBES SHAKA","STICKERS","STICKERS","12","Y","UNSUPPORTED_ROUTING"
"130137418","108","ATG-0031-999-OS","GIRLS STICKER - VITAMIN SEA JEEP","STICKERS","STICKERS","11","Y","UNSUPPORTED_ROUTING"
"130137418","110","ATB-0050-999-OS","BOYS STICKER - SCENIC BOARD","STICKERS","STICKERS","8","Y","UNSUPPORTED_ROUTING"
"130137418","112","ATB-0052-999-OS","BOYS STICKER - SCENIC SHARK","STICKERS","STICKERS","11","Y","UNSUPPORTED_ROUTING"
"130137418","114","ATG-0045-999-OS","GIRLS STICKER - SCENIC TURTLE","STICKERS","STICKERS","8","Y","UNSUPPORTED_ROUTING"
"130137418","116","ATG-0047-999-OS","GIRLS STICKER - GOOD VIBES","STICKERS","STICKERS","10","Y","UNSUPPORTED_ROUTING"
"130137418","118","ASM-2374-999-OS","MENS STICKER - COMBI FIN DUO","STICKERS","STICKERS","11","Y","UNSUPPORTED_ROUTING"
"130137419","74","ASG-2438-999-OS","GIRLS STICKER - SUMMER VIBES","STICKERS","STICKERS","10","Y","UNSUPPORTED_ROUTING"
"130137419","76","ATL-0009-999-OS","WOMENS STICKER - HERO ROO","STICKERS","STICKERS","13","Y","UNSUPPORTED_ROUTING"
"130137419","78","ATB-0044-999-OS","BOYS STICKER - RAD REX DINOSAUR","STICKERS","STICKERS","11","Y","UNSUPPORTED_ROUTING"
"130137419","80","ATB-0050-999-OS","BOYS STICKER - SCENIC BOARD","STICKERS","STICKERS","15","Y","UNSUPPORTED_ROUTING"
"130137419","82","ATB-0052-999-OS","BOYS STICKER - SCENIC SHARK","STICKERS","STICKERS","12","Y","UNSUPPORTED_ROUTING"
"130137419","84","ATG-0048-999-OS","GIRLS STICKER - HEART SCENIC","STICKERS","STICKERS","10","Y","UNSUPPORTED_ROUTING"
"130137419","86","ASL-2226-999-OS","WOMENS STICKER - QUARTER SUN","STICKERS","STICKERS","12","Y","UNSUPPORTED_ROUTING"
"130137419","88","ASL-2230-999-OS","WOMENS STICKER - BEACH CLUB","STICKERS","STICKERS","14","Y","UNSUPPORTED_ROUTING"
"130137419","90","ASL-2376-999-OS","WOMENS STICKER - WAVE RAYS","STICKERS","STICKERS","10","Y","UNSUPPORTED_ROUTING"
"130137419","92","ASL-2379-999-OS","WOMENS STICKER - SOFT SUN DUO","STICKERS","STICKERS","14","Y","UNSUPPORTED_ROUTING"
"130137419","94","ASL-2380-999-OS","WOMENS STICKER - DREAM VACAY DUO","STICKERS","STICKERS","13","Y","UNSUPPORTED_ROUTING"
"130137419","96","ASL-2389-999-OS","WOMENS STICKER - TWO KOALAS","STICKERS","STICKERS","11","Y","UNSUPPORTED_ROUTING"
"130137419","98","ASM-2374-999-OS","MENS STICKER - COMBI FIN DUO","STICKERS","STICKERS","16","Y","UNSUPPORTED_ROUTING"
"130137421","62","ASB-2433-999-OS","BOYS STICKER - OH SNAP","STICKERS","STICKERS","11","Y","UNSUPPORTED_ROUTING"
"130137421","64","ATL-0009-999-OS","WOMENS STICKER - HERO ROO","STICKERS","STICKERS","2","Y","UNSUPPORTED_ROUTING"
"130137421","66","ATG-0032-999-OS","GIRLS STICKER - HELLO SUMMER FLORAL","STICKERS","STICKERS","10","Y","UNSUPPORTED_ROUTING"
"130137421","68","ASB-2419-999-OS","BOYS STICKER - SKATER SHARK","STICKERS","STICKERS","11","Y","UNSUPPORTED_ROUTING"
"130137421","70","ATB-0045-999-OS","BOYS STICKER - BITE ME TROUBLE SHARK","STICKERS","STICKERS","11","Y","UNSUPPORTED_ROUTING"
"130137421","72","ATB-0050-999-OS","BOYS STICKER - SCENIC BOARD","STICKERS","STICKERS","11","Y","UNSUPPORTED_ROUTING"
"130137421","74","ASG-0830-999-OS","GIRLS STICKER - AUSSIE JEEP","STICKERS","STICKERS","12","Y","UNSUPPORTED_ROUTING"
"130137421","76","ASM-2372-999-OS","MENS STICKER - MARLIN TAIL DUO","STICKERS","STICKERS","10","Y","UNSUPPORTED_ROUTING"
"130137422","59","ATB-0012-999-OS","BOYS STICKER - ANIMALS DOWNUNDER","STICKERS","STICKERS","10","Y","UNSUPPORTED_ROUTING"
"130137422","61","ASL-2230-999-OS","WOMENS STICKER - BEACH CLUB","STICKERS","STICKERS","10","Y","UNSUPPORTED_ROUTING"
"130137423","49","ASG-2427-999-OS","GIRLS STICKER - AUSSIE RAINBOW","STICKERS","STICKERS","11","Y","UNSUPPORTED_ROUTING"
"130137423","51","ASB-2439-999-OS","BOYS STICKER - GOOD VIBES PALM","STICKERS","STICKERS","11","Y","UNSUPPORTED_ROUTING"
"130137423","53","ASG-2423-999-OS","GIRLS STICKER - REEF FISH","STICKERS","STICKERS","10","Y","UNSUPPORTED_ROUTING"
"130137423","55","ATB-0007-999-OS","BOYS STICKER - STAY RAD SEAGULL","STICKERS","STICKERS","16","Y","UNSUPPORTED_ROUTING"
"130137423","57","ATL-0009-999-OS","WOMENS STICKER - HERO ROO","STICKERS","STICKERS","10","Y","UNSUPPORTED_ROUTING"
"130137423","59","ATB-0033-999-OS","BOYS STICKER - JAWSOME","STICKERS","STICKERS","12","Y","UNSUPPORTED_ROUTING"
"130137423","61","ATL-0035-999-OS","WOMENS STICKER - WHALES","STICKERS","STICKERS","11","Y","UNSUPPORTED_ROUTING"
"130137423","63","ATG-0031-999-OS","GIRLS STICKER - VITAMIN SEA JEEP","STICKERS","STICKERS","12","Y","UNSUPPORTED_ROUTING"
"130137423","65","ATG-0040-999-OS","GIRLS STICKER - SUNSET PALMS","STICKERS","STICKERS","10","Y","UNSUPPORTED_ROUTING"
"130137423","67","ATG-0042-999-OS","GIRLS STICKER - DECORATIVE WHALE","STICKERS","STICKERS","11","Y","UNSUPPORTED_ROUTING"
"130137423","69","ASB-2419-999-OS","BOYS STICKER - SKATER SHARK","STICKERS","STICKERS","12","Y","UNSUPPORTED_ROUTING"
"130137423","71","ASG-2421-999-OS","GIRLS STICKER - DOLPHIN PLAY","STICKERS","STICKERS","11","Y","UNSUPPORTED_ROUTING"
"130137423","73","ATB-0052-999-OS","BOYS STICKER - SCENIC SHARK","STICKERS","STICKERS","13","Y","UNSUPPORTED_ROUTING"
"130137423","75","ATG-0045-999-OS","GIRLS STICKER - SCENIC TURTLE","STICKERS","STICKERS","15","Y","UNSUPPORTED_ROUTING"
"130137423","77","ATG-0048-999-OS","GIRLS STICKER - HEART SCENIC","STICKERS","STICKERS","12","Y","UNSUPPORTED_ROUTING"
"130137423","79","ASL-2226-999-OS","WOMENS STICKER - QUARTER SUN","STICKERS","STICKERS","11","Y","UNSUPPORTED_ROUTING"
"130137423","81","ASL-2230-999-OS","WOMENS STICKER - BEACH CLUB","STICKERS","STICKERS","12","Y","UNSUPPORTED_ROUTING"
"130137423","83","ASG-2422-999-OS","GIRLS STICKER - WHALE TAIL","STICKERS","STICKERS","10","Y","UNSUPPORTED_ROUTING"
"130137423","85","ASL-2379-999-OS","WOMENS STICKER - SOFT SUN DUO","STICKERS","STICKERS","10","Y","UNSUPPORTED_ROUTING"
"130137423","87","ASL-2380-999-OS","WOMENS STICKER - DREAM VACAY DUO","STICKERS","STICKERS","10","Y","UNSUPPORTED_ROUTING"
"130137423","89","ASL-2389-999-OS","WOMENS STICKER - TWO KOALAS","STICKERS","STICKERS","11","Y","UNSUPPORTED_ROUTING"
"130137423","91","ASM-2372-999-OS","MENS STICKER - MARLIN TAIL DUO","STICKERS","STICKERS","12","Y","UNSUPPORTED_ROUTING"
"130137424","25","ATB-0004-999-OS","BOYS STICKER - NICE TO MEET YOU","STICKERS","STICKERS","11","Y","UNSUPPORTED_ROUTING"
"130137424","27","ATB-0007-999-OS","BOYS STICKER - STAY RAD SEAGULL","STICKERS","STICKERS","12","Y","UNSUPPORTED_ROUTING"
"130137424","29","ATM-0012-999-OS","MENS STICKER - SHAKA","STICKERS","STICKERS","10","Y","UNSUPPORTED_ROUTING"
"130137424","31","ATM-0040-999-OS","MENS STICKER - LUCKY ROO","STICKERS","STICKERS","20","Y","UNSUPPORTED_ROUTING"
"130137424","33","ATG-0043-999-OS","GIRLS STICKER - SUNSET SURFER","STICKERS","STICKERS","10","Y","UNSUPPORTED_ROUTING"
"130137424","35","ATG-0042-999-OS","GIRLS STICKER - DECORATIVE WHALE","STICKERS","STICKERS","13","Y","UNSUPPORTED_ROUTING"
"130137424","37","ATB-0050-999-OS","BOYS STICKER - SCENIC BOARD","STICKERS","STICKERS","10","Y","UNSUPPORTED_ROUTING"
"130137424","39","ASL-2376-999-OS","WOMENS STICKER - WAVE RAYS","STICKERS","STICKERS","14","Y","UNSUPPORTED_ROUTING"
"130137424","41","ASL-2380-999-OS","WOMENS STICKER - DREAM VACAY DUO","STICKERS","STICKERS","10","Y","UNSUPPORTED_ROUTING"
"130137424","43","ASM-2369-999-OS","MENS STICKER - TRIBAL TURTLE","STICKERS","STICKERS","11","Y","UNSUPPORTED_ROUTING"
"130137425","28","ATB-0011-999-OS","BOYS STICKER - AUS HANGLOOSE","STICKERS","STICKERS","11","Y","UNSUPPORTED_ROUTING"
"130137425","30","ATG-0008-999-OS","GIRLS STICKER - COMBI FUN","STICKERS","STICKERS","10","Y","UNSUPPORTED_ROUTING"
"130137425","32","ATL-0011-999-OS","WOMENS STICKER - KOALA","STICKERS","STICKERS","13","Y","UNSUPPORTED_ROUTING"
"130137425","34","ASB-2420-999-OS","BOYS STICKER - WAVE JUMPER","STICKERS","STICKERS","12","Y","UNSUPPORTED_ROUTING"
"130137425","36","ATB-0040-999-OS","BOYS STICKER - BOARD STACK","STICKERS","STICKERS","10","Y","UNSUPPORTED_ROUTING"
"130137425","38","ATB-0035-999-OS","BOYS STICKER - TAKE IT EASY JEEP","STICKERS","STICKERS","12","Y","UNSUPPORTED_ROUTING"
"130137425","40","ATB-0055-999-OS","BOYS STICKER - STAY CHILL PALM","STICKERS","STICKERS","10","Y","UNSUPPORTED_ROUTING"
"130137425","42","ASM-2372-999-OS","MENS STICKER - MARLIN TAIL DUO","STICKERS","STICKERS","11","Y","UNSUPPORTED_ROUTING"
"130137425","44","ASM-2373-999-OS","MENS STICKER - SHAKA SURF DUO","STICKERS","STICKERS","13","Y","UNSUPPORTED_ROUTING"
"130137426","43","ASG-2436-999-OS","GIRLS STICKER - SEA FOLK","STICKERS","STICKERS","10","Y","UNSUPPORTED_ROUTING"
"130137426","45","ATB-0007-999-OS","BOYS STICKER - STAY RAD SEAGULL","STICKERS","STICKERS","10","Y","UNSUPPORTED_ROUTING"
"130137426","47","ATL-0035-999-OS","WOMENS STICKER - WHALES","STICKERS","STICKERS","14","Y","UNSUPPORTED_ROUTING"
"130137426","49","ATG-0043-999-OS","GIRLS STICKER - SUNSET SURFER","STICKERS","STICKERS","11","Y","UNSUPPORTED_ROUTING"
"130137426","51","ATB-0040-999-OS","BOYS STICKER - BOARD STACK","STICKERS","STICKERS","15","Y","UNSUPPORTED_ROUTING"
"130137426","53","ATB-0035-999-OS","BOYS STICKER - TAKE IT EASY JEEP","STICKERS","STICKERS","12","Y","UNSUPPORTED_ROUTING"
"130137426","55","ATB-0052-999-OS","BOYS STICKER - SCENIC SHARK","STICKERS","STICKERS","10","Y","UNSUPPORTED_ROUTING"
"130137426","57","ATG-0045-999-OS","GIRLS STICKER - SCENIC TURTLE","STICKERS","STICKERS","10","Y","UNSUPPORTED_ROUTING"
"130137426","59","ASM-2373-999-OS","MENS STICKER - SHAKA SURF DUO","STICKERS","STICKERS","7","Y","UNSUPPORTED_ROUTING"
"130137427","50","ATB-0011-999-OS","BOYS STICKER - AUS HANGLOOSE","STICKERS","STICKERS","10","Y","UNSUPPORTED_ROUTING"
"130137427","52","ATL-0009-999-OS","WOMENS STICKER - HERO ROO","STICKERS","STICKERS","12","Y","UNSUPPORTED_ROUTING"
"130137427","54","ASM-2374-999-OS","MENS STICKER - COMBI FIN DUO","STICKERS","STICKERS","11","Y","UNSUPPORTED_ROUTING"
"130137428","30","ATB-0005-999-OS","BOYS STICKER - LOCALS ONLY","STICKERS","STICKERS","11","Y","UNSUPPORTED_ROUTING"
"130137428","32","ATB-0033-999-OS","BOYS STICKER - JAWSOME","STICKERS","STICKERS","10","Y","UNSUPPORTED_ROUTING"
"130137428","34","ATG-0024-999-OS","GIRLS STICKER - SUMMER SUN","STICKERS","STICKERS","10","Y","UNSUPPORTED_ROUTING"
"130137428","36","ATL-0035-999-OS","WOMENS STICKER - WHALES","STICKERS","STICKERS","11","Y","UNSUPPORTED_ROUTING"
"130137428","38","ATL-0038-999-OS","WOMENS STICKER - GOOD TIMES SUN","STICKERS","STICKERS","10","Y","UNSUPPORTED_ROUTING"
"130137428","40","ASB-2417-999-OS","BOYS STICKER - SURF CREW","STICKERS","STICKERS","11","Y","UNSUPPORTED_ROUTING"
"130137428","42","ASL-2380-999-OS","WOMENS STICKER - DREAM VACAY DUO","STICKERS","STICKERS","11","Y","UNSUPPORTED_ROUTING"
"130137428","44","ASM-2372-999-OS","MENS STICKER - MARLIN TAIL DUO","STICKERS","STICKERS","12","Y","UNSUPPORTED_ROUTING"
"130137429","36","ATL-0001-999-OS","WOMENS STICKER - PALM ISLAND","STICKERS","STICKERS","10","Y","UNSUPPORTED_ROUTING"
"130137429","38","ATL-0035-999-OS","WOMENS STICKER - WHALES","STICKERS","STICKERS","10","Y","UNSUPPORTED_ROUTING"
"130137429","40","ATG-0042-999-OS","GIRLS STICKER - DECORATIVE WHALE","STICKERS","STICKERS","12","Y","UNSUPPORTED_ROUTING"
"130137429","42","ATB-0050-999-OS","BOYS STICKER - SCENIC BOARD","STICKERS","STICKERS","8","Y","UNSUPPORTED_ROUTING"
"130137429","44","ASL-2226-999-OS","WOMENS STICKER - QUARTER SUN","STICKERS","STICKERS","12","Y","UNSUPPORTED_ROUTING"
"130137429","46","ASM-2372-999-OS","MENS STICKER - MARLIN TAIL DUO","STICKERS","STICKERS","10","Y","UNSUPPORTED_ROUTING"
"130137429","48","ASM-2374-999-OS","MENS STICKER - COMBI FIN DUO","STICKERS","STICKERS","11","Y","UNSUPPORTED_ROUTING"
"130137430","30","ATB-0006-999-OS","BOYS STICKER - COMBI LIVIN","STICKERS","STICKERS","10","Y","UNSUPPORTED_ROUTING"
"130137430","32","ASL-2380-999-OS","WOMENS STICKER - DREAM VACAY DUO","STICKERS","STICKERS","10","Y","UNSUPPORTED_ROUTING"
"130137430","34","ASM-2372-999-OS","MENS STICKER - MARLIN TAIL DUO","STICKERS","STICKERS","12","Y","UNSUPPORTED_ROUTING"
"130137430","36","ASM-2373-999-OS","MENS STICKER - SHAKA SURF DUO","STICKERS","STICKERS","10","Y","UNSUPPORTED_ROUTING"
"130137431","26","ATM-0040-999-OS","MENS STICKER - LUCKY ROO","STICKERS","STICKERS","10","Y","UNSUPPORTED_ROUTING"
"130134539","1","AHL-2635-981-OS","WOMENS KEYRING - FISH FRIENDS","UV PRINT","UV","0","Y","UNSUPPORTED_ROUTING"
"130134539","11","AHM-2641-971-OS","MENS KEYRING - SET WAVES","UV PRINT","UV","0","Y","UNSUPPORTED_ROUTING"
"130134539","12","AHM-2643-971-OS","MENS KEYRING - MAHI MAHI","UV PRINT","UV","0","Y","UNSUPPORTED_ROUTING"
"130134539","13","AHM-2644-971-OS","MENS KEYRING - WOODY","UV PRINT","UV","0","Y","UNSUPPORTED_ROUTING"
"130134539","14","AHM-2645-971-OS","MENS KEYRING - GOOD VIBES MOTEL","UV PRINT","UV","0","Y","UNSUPPORTED_ROUTING"
"130134539","15","AHM-2735-999-OS","MENS MAGNET - SHOREBREAK","UV PRINT","UV","0","Y","UNSUPPORTED_ROUTING"
"130134539","17","AKL-0006-210-OS","WOMENS KEYRING - STARFISH","UV PRINT","UV","0","Y","UNSUPPORTED_ROUTING"
"130134539","2","AHL-2637-981-OS","WOMENS KEYRING - WHALE TAIL","UV PRINT","UV","0","Y","UNSUPPORTED_ROUTING"
"130134539","20","AKL-0008-210-OS","WOMENS KEYRING - OCEAN TURTLE","UV PRINT","UV","0","Y","UNSUPPORTED_ROUTING"
"130134539","23","AKM-0013-732-OS","MENS KEYRING - SHAKA","UV PRINT","UV","0","Y","UNSUPPORTED_ROUTING"
"130134539","24","AML-0005-999-OS","WOMENS MAGNET - PEACE COMBI","UV PRINT","UV","0","Y","UNSUPPORTED_ROUTING"
"130134539","26","AML-0023-999-OS","WOMENS MAGNET - SURF TRIP","UV PRINT","UV","0","Y","UNSUPPORTED_ROUTING"
"130134539","28","AMM-0006-999-OS","MENS MAGNET - COMBI PARADISE","UV PRINT","UV","0","Y","UNSUPPORTED_ROUTING"
"130134539","3","AHL-2729-999-OS","WOMENS MAGNET - WHALE SONG","UV PRINT","UV","0","Y","UNSUPPORTED_ROUTING"
"130134539","30","AMM-0027-999-OS","MENS MAGNET - GOOD VIBES SHAKA","UV PRINT","UV","0","Y","UNSUPPORTED_ROUTING"
"130134539","32","AMM-0028-999-OS","MENS MAGNET - FISH STACK","UV PRINT","UV","0","Y","UNSUPPORTED_ROUTING"
"130134539","9","AHM-2399-999-OS","MENS MAGNET - RETRO COMBI","UV PRINT","UV","0","Y","UNSUPPORTED_ROUTING"
"130134566","15","AHM-2735-999-OS","MENS MAGNET - SHOREBREAK","UV PRINT","UV","6","Y","UNSUPPORTED_ROUTING"
"130134566","17","AKL-0006-210-OS","WOMENS KEYRING - STARFISH","UV PRINT","UV","6","Y","UNSUPPORTED_ROUTING"
"130134566","20","AKL-0008-210-OS","WOMENS KEYRING - OCEAN TURTLE","UV PRINT","UV","6","Y","UNSUPPORTED_ROUTING"
"130134566","24","AML-0005-999-OS","WOMENS MAGNET - PEACE COMBI","UV PRINT","UV","6","Y","UNSUPPORTED_ROUTING"
"130134566","26","AML-0023-999-OS","WOMENS MAGNET - SURF TRIP","UV PRINT","UV","6","Y","UNSUPPORTED_ROUTING"
"130134566","28","AMM-0006-999-OS","MENS MAGNET - COMBI PARADISE","UV PRINT","UV","4","Y","UNSUPPORTED_ROUTING"
"130134566","3","AHL-2729-999-OS","WOMENS MAGNET - WHALE SONG","UV PRINT","UV","6","Y","UNSUPPORTED_ROUTING"
"130134566","30","AMM-0027-999-OS","MENS MAGNET - GOOD VIBES SHAKA","UV PRINT","UV","4","Y","UNSUPPORTED_ROUTING"
"130134566","32","AMM-0028-999-OS","MENS MAGNET - FISH STACK","UV PRINT","UV","6","Y","UNSUPPORTED_ROUTING"
"130134566","9","AHM-2399-999-OS","MENS MAGNET - RETRO COMBI","UV PRINT","UV","4","Y","UNSUPPORTED_ROUTING"
"130134697","1","AHM-2736-999-OS","MENS MAGNET - VINTAGE WOODY","UV PRINT","UV","6","Y","UNSUPPORTED_ROUTING"
"130134697","3","AKL-0021-210-OS","WOMENS KEYRING - PINEAPPLE","UV PRINT","UV","4","Y","UNSUPPORTED_ROUTING"
"130134697","9","AMM-0017-999-OS","MENS MAGNET - SUN DOWN","UV PRINT","UV","6","Y","UNSUPPORTED_ROUTING"
"130135779","1","AHB-2318-999-OS","BOYS KEYRING SC - KANGABOOM","UV PRINT","UV","0","Y","UNSUPPORTED_ROUTING"
"130135779","10","AHB-2586-999-OS","BOYS CIRCLE MAGNET - AUSSIE SURFARI","UV PRINT","UV","0","Y","UNSUPPORTED_ROUTING"
"130135779","12","AHB-2587-999-OS","BOYS CIRCLE MAGNET - G'DAY MATE","UV PRINT","UV","0","Y","UNSUPPORTED_ROUTING"
"130135779","14","AHB-2596-999-OS","BOYS CIRCLE MAGNET - G'DAY AUSTRALIA","UV PRINT","UV","0","Y","UNSUPPORTED_ROUTING"
"130135779","16","AHB-2759-999-OS","BOYS CIRCLE MAGNET - THUMBS UP GDAY","UV PRINT","UV","0","Y","UNSUPPORTED_ROUTING"
"130135779","18","AHG-2314-999-OS","GIRLS KEYRING SC - GDAY KOALA MUM","UV PRINT","UV","0","Y","UNSUPPORTED_ROUTING"
"130135779","19","AHG-2315-999-OS","GIRLS KEYRING SC - KOALA FUN","UV PRINT","UV","0","Y","UNSUPPORTED_ROUTING"
"130135779","2","AHB-2319-999-OS","BOYS KEYRING SC - AUSSIE SURFARI","UV PRINT","UV","0","Y","UNSUPPORTED_ROUTING"
"130135779","20","AHG-2317-999-OS","GIRLS KEYRING SC - BOOMAROO","UV PRINT","UV","0","Y","UNSUPPORTED_ROUTING"
"130135779","21","AHG-2525-999-OS","GIRLS CIRCLE MAGNET - AUSTRALIA","UV PRINT","UV","0","Y","UNSUPPORTED_ROUTING"
"130135779","23","AHG-2526-999-OS","GIRLS CIRCLE MAGNET - PRETTY KANGAROO","UV PRINT","UV","0","Y","UNSUPPORTED_ROUTING"
"130135779","25","AHG-2581-999-OS","GIRLS CIRCLE MAGNET - AUSSIE KOALA","UV PRINT","UV","0","Y","UNSUPPORTED_ROUTING"
"130135779","252","CTX-0001-999-OS","BABY GIRLS TOWEL - KOALA HUGS","UV PRINT","UV","0","Y","UNSUPPORTED_ROUTING"
"130135779","253","CTY-0001-999-OS","BABY BOYS TOWEL - KOALA MATE","UV PRINT","UV","0","Y","UNSUPPORTED_ROUTING"
"130135779","254","TPX-0002-999-OS","BABY GIRLS RATTLE - KOALA HUGS","UV PRINT","UV","0","Y","UNSUPPORTED_ROUTING"
"130135779","255","TPX-0004-999-OS","BABY GIRLS COMFORTER - KOALA HUGS","UV PRINT","UV","0","Y","UNSUPPORTED_ROUTING"
"130135779","256","TPY-0001-999-OS","BABY BOYS RATTLE - KOALA MATE","UV PRINT","UV","0","Y","UNSUPPORTED_ROUTING"
"130135779","257","TPY-0003-999-OS","BABY BOYS COMFORTER - KOALA MATE","UV PRINT","UV","0","Y","UNSUPPORTED_ROUTING"
"130135779","258","AHG-2316-999-OS","GIRLS KEYRING SC - AUSSIE ROO","UV PRINT","UV","0","Y","UNSUPPORTED_ROUTING"
"130135779","259","AHG-2430-999-OS","GIRLS KEYRING SC - AUSSIE RAINBOW","UV PRINT","UV","0","Y","UNSUPPORTED_ROUTING"
"130135779","27","AHG-2582-999-OS","GIRLS CIRCLE MAGNET - AUSSIE SCENIC","UV PRINT","UV","0","Y","UNSUPPORTED_ROUTING"
"130135779","29","AHG-2762-999-OS","GIRLS CIRCLE MAGNET - BORN TO CUDDLE","UV PRINT","UV","0","Y","UNSUPPORTED_ROUTING"
"130135779","3","AHB-2320-999-OS","BOYS KEYRING ENM - AUSSIE MAP","UV PRINT","UV","0","Y","UNSUPPORTED_ROUTING"
"130135779","31","AHG-2763-999-OS","GIRLS CIRCLE MAGNET - BIRDSONG MAP OZ","UV PRINT","UV","0","Y","UNSUPPORTED_ROUTING"
"130135779","35","ASB-0008-999-OS","BOYS PEN 6 COL - AUST SURFARI","UV PRINT","UV","0","Y","UNSUPPORTED_ROUTING"
"130135779","4","AHB-2431-999-OS","BOYS KEYRING SC - WAVE JUMPER KANGA","UV PRINT","UV","0","Y","UNSUPPORTED_ROUTING"
"130135779","5","AHB-2432-999-OS","BOYS KEYRING SC - G'DAY MATE","UV PRINT","UV","0","Y","UNSUPPORTED_ROUTING"
"130135779","52","ASG-0009-999-OS","GIRLS PEN 6 COL - HANGING AROUND","UV PRINT","UV","0","Y","UNSUPPORTED_ROUTING"
"130135779","6","AHB-2527-999-OS","BOYS CIRCLE MAGNET - KANGABOOM","UV PRINT","UV","0","Y","UNSUPPORTED_ROUTING"
"130135779","8","AHB-2529-999-OS","BOYS CIRCLE MAGNET - AUSSIE MAP","UV PRINT","UV","0","Y","UNSUPPORTED_ROUTING"
"130136334","1","AHL-2404-999-OS","WOMENS MAGNET - GOOD VIBES ONLY","UV PRINT","UV","4","Y","UNSUPPORTED_ROUTING"
"130136334","10","AHM-2736-999-OS","MENS MAGNET - VINTAGE WOODY","UV PRINT","UV","6","Y","UNSUPPORTED_ROUTING"
"130136334","12","AKL-0006-210-OS","WOMENS KEYRING - STARFISH","UV PRINT","UV","6","Y","UNSUPPORTED_ROUTING"
"130136334","15","AKL-0008-210-OS","WOMENS KEYRING - OCEAN TURTLE","UV PRINT","UV","6","Y","UNSUPPORTED_ROUTING"
"130136334","18","AKL-0009-210-OS","WOMENS KEYRING - FISHIES","UV PRINT","UV","6","Y","UNSUPPORTED_ROUTING"
"130136334","21","AKL-0010-210-OS","WOMENS KEYRING - SAND DOLLAR","UV PRINT","UV","6","Y","UNSUPPORTED_ROUTING"
"130136334","29","AML-0015-999-OS","WOMENS MAGNET - HOLIDAY BAY","UV PRINT","UV","4","Y","UNSUPPORTED_ROUTING"
"130136334","31","AML-0023-999-OS","WOMENS MAGNET - SURF TRIP","UV PRINT","UV","6","Y","UNSUPPORTED_ROUTING"
"130136334","33","AMM-0006-999-OS","MENS MAGNET - COMBI PARADISE","UV PRINT","UV","4","Y","UNSUPPORTED_ROUTING"
"130136334","35","AMM-0023-999-OS","MENS MAGNET - SETTING SUN","UV PRINT","UV","4","Y","UNSUPPORTED_ROUTING"
"130136334","37","AMM-0027-999-OS","MENS MAGNET - GOOD VIBES SHAKA","UV PRINT","UV","4","Y","UNSUPPORTED_ROUTING"
"130136334","7","AHM-2394-999-OS","MENS MAGNET - WHALE TAIL","UV PRINT","UV","4","Y","UNSUPPORTED_ROUTING"
"130136450","11","AHG-2564-999-OS","GIRLS CIRCLE MAGNET - SUNSHINE SALTWATER","UV PRINT","UV","20","Y","UNSUPPORTED_ROUTING"
"130136450","13","AHG-2565-999-OS","GIRLS CIRCLE MAGNET - SALTY SOULS","UV PRINT","UV","20","Y","UNSUPPORTED_ROUTING"
"130136450","15","AHL-2401-999-OS","WOMENS MAGNET - SUNSHINE MIND","UV PRINT","UV","20","Y","UNSUPPORTED_ROUTING"
"130136450","20","AHM-2395-999-OS","MENS MAGNET - SINGLE FIN","UV PRINT","UV","20","Y","UNSUPPORTED_ROUTING"
"130136450","22","AHM-2399-999-OS","MENS MAGNET - RETRO COMBI","UV PRINT","UV","20","Y","UNSUPPORTED_ROUTING"
"130136450","24","AKL-0009-210-OS","WOMENS KEYRING - FISHIES","UV PRINT","UV","12","Y","UNSUPPORTED_ROUTING"
"130136450","27","AKL-0010-210-OS","WOMENS KEYRING - SAND DOLLAR","UV PRINT","UV","12","Y","UNSUPPORTED_ROUTING"
"130136450","3","AHB-2573-999-OS","BOYS CIRCLE MAGNET - SURF AND STOKE","UV PRINT","UV","20","Y","UNSUPPORTED_ROUTING"
"130136450","33","AML-0001-999-OS","WOMENS MAGNET - SWELL","UV PRINT","UV","20","Y","UNSUPPORTED_ROUTING"
"130136450","35","AML-0003-999-OS","WOMENS MAGNET - BOARDS","UV PRINT","UV","20","Y","UNSUPPORTED_ROUTING"
"130136450","37","AML-0005-999-OS","WOMENS MAGNET - PEACE COMBI","UV PRINT","UV","20","Y","UNSUPPORTED_ROUTING"
"130136450","39","AML-0006-999-OS","WOMENS MAGNET - OCEAN TURTLE","UV PRINT","UV","20","Y","UNSUPPORTED_ROUTING"
"130136450","41","AML-0023-999-OS","WOMENS MAGNET - SURF TRIP","UV PRINT","UV","20","Y","UNSUPPORTED_ROUTING"
"130136450","43","AMM-0001-999-OS","MENS MAGNET - MARLIN","UV PRINT","UV","20","Y","UNSUPPORTED_ROUTING"
"130136450","45","AMM-0005-999-OS","MENS MAGNET - BOARD STRIPES","UV PRINT","UV","20","Y","UNSUPPORTED_ROUTING"
"130136450","47","AMM-0016-999-OS","MENS MAGNET - COASTAL COLLECTION","UV PRINT","UV","20","Y","UNSUPPORTED_ROUTING"
"130136450","7","AHG-2559-999-OS","GIRLS CIRCLE MAGNET - SCENIC TURTLE","UV PRINT","UV","20","Y","UNSUPPORTED_ROUTING"
"130136450","9","AHG-2560-999-OS","GIRLS CIRCLE MAGNET - BY THE SEA MERMAID","UV PRINT","UV","20","Y","UNSUPPORTED_ROUTING"
"130136451","11","AHG-2565-999-OS","GIRLS CIRCLE MAGNET - SALTY SOULS","UV PRINT","UV","12","Y","UNSUPPORTED_ROUTING"
"130136451","13","AHM-2399-999-OS","MENS MAGNET - RETRO COMBI","UV PRINT","UV","12","Y","UNSUPPORTED_ROUTING"
"130136451","15","AKL-0009-210-OS","WOMENS KEYRING - FISHIES","UV PRINT","UV","12","Y","UNSUPPORTED_ROUTING"
"130136451","18","AKL-0010-210-OS","WOMENS KEYRING - SAND DOLLAR","UV PRINT","UV","12","Y","UNSUPPORTED_ROUTING"
"130136451","23","AML-0005-999-OS","WOMENS MAGNET - PEACE COMBI","UV PRINT","UV","12","Y","UNSUPPORTED_ROUTING"
"130136451","25","AML-0006-999-OS","WOMENS MAGNET - OCEAN TURTLE","UV PRINT","UV","12","Y","UNSUPPORTED_ROUTING"
"130136451","27","AML-0023-999-OS","WOMENS MAGNET - SURF TRIP","UV PRINT","UV","12","Y","UNSUPPORTED_ROUTING"
"130136451","29","AMM-0001-999-OS","MENS MAGNET - MARLIN","UV PRINT","UV","12","Y","UNSUPPORTED_ROUTING"
"130136451","3","AHB-2573-999-OS","BOYS CIRCLE MAGNET - SURF AND STOKE","UV PRINT","UV","12","Y","UNSUPPORTED_ROUTING"
"130136451","31","AMM-0016-999-OS","MENS MAGNET - COASTAL COLLECTION","UV PRINT","UV","12","Y","UNSUPPORTED_ROUTING"
"130136451","7","AHG-2559-999-OS","GIRLS CIRCLE MAGNET - SCENIC TURTLE","UV PRINT","UV","12","Y","UNSUPPORTED_ROUTING"
"130136451","9","AHG-2564-999-OS","GIRLS CIRCLE MAGNET - SUNSHINE SALTWATER","UV PRINT","UV","12","Y","UNSUPPORTED_ROUTING"
"130136497","1","AHB-2307-999-OS","BOYS KEYRING SC - SKATER SHARK","UV PRINT","UV","0","Y","UNSUPPORTED_ROUTING"
"130136497","11","AHB-2572-999-OS","BOYS CIRCLE MAGNET - SKATER SHARK","UV PRINT","UV","0","Y","UNSUPPORTED_ROUTING"
"130136497","13","AHB-2600-999-OS","BOYS CIRCLE MAGNET - ROTTNEST SURF RIDER","UV PRINT","UV","0","Y","UNSUPPORTED_ROUTING"
"130136497","15","AHG-2301-999-OS","GIRLS KEYRING SC - FOLK MERMAID","UV PRINT","UV","0","Y","UNSUPPORTED_ROUTING"
"130136497","16","AHG-2302-999-OS","GIRLS KEYRING ENM - SCENIC TURTLE","UV PRINT","UV","0","Y","UNSUPPORTED_ROUTING"
"130136497","17","AHG-2305-999-OS","GIRLS KEYRING SC - BY THE SEA SEAHORSE","UV PRINT","UV","0","Y","UNSUPPORTED_ROUTING"
"130136497","18","AHG-2316-999-OS","GIRLS KEYRING SC - AUSSIE ROO","UV PRINT","UV","0","Y","UNSUPPORTED_ROUTING"
"130136497","19","AHG-2423-999-OS","GIRLS KEYRING ENM - BUTTERFLY","UV PRINT","UV","0","Y","UNSUPPORTED_ROUTING"
"130136497","2","AHB-2311-999-OS","BOYS KEYRING SC - STOKED TURTLE","UV PRINT","UV","0","Y","UNSUPPORTED_ROUTING"
"130136497","20","AHG-2424-999-OS","GIRLS KEYRING ENM - SCENIC HEART","UV PRINT","UV","0","Y","UNSUPPORTED_ROUTING"
"130136497","21","AHG-2479-999-OS","GIRLS KEYRING SC - SURFER GIRL","UV PRINT","UV","0","Y","UNSUPPORTED_ROUTING"
"130136497","22","AHG-2562-999-OS","GIRLS CIRCLE MAGNET - FOLK MERMAID","UV PRINT","UV","0","Y","UNSUPPORTED_ROUTING"
"130136497","24","AHG-2581-999-OS","GIRLS CIRCLE MAGNET - AUSSIE KOALA","UV PRINT","UV","0","Y","UNSUPPORTED_ROUTING"
"130136497","26","AHG-2603-999-OS","GIRLS CIRCLE MAGNET - ROTTNEST POSTCARD","UV PRINT","UV","0","Y","UNSUPPORTED_ROUTING"
"130136497","28","AHG-2751-999-OS","GIRLS CIRCLE MAGNET - TURTLE SCENE","UV PRINT","UV","0","Y","UNSUPPORTED_ROUTING"
"130136497","3","AHB-2318-999-OS","BOYS KEYRING SC - KANGABOOM","UV PRINT","UV","0","Y","UNSUPPORTED_ROUTING"
"130136497","30","AHG-2753-999-OS","GIRLS CIRCLE MAGNET - KEEP IT SUNNY","UV PRINT","UV","0","Y","UNSUPPORTED_ROUTING"
"130136497","32","AHL-2404-999-OS","WOMENS MAGNET - GOOD VIBES ONLY","UV PRINT","UV","0","Y","UNSUPPORTED_ROUTING"
"130136497","34","AHL-2612-999-OS","WOMENS MAGNET - ROTTNEST SUNSET","UV PRINT","UV","0","Y","UNSUPPORTED_ROUTING"
"130136497","36","AHL-2633-981-OS","WOMENS KEYRING - ENDLESS SUMMER","UV PRINT","UV","0","Y","UNSUPPORTED_ROUTING"
"130136497","368","TPB-0102-999-OS","BOYS MATCH UPS - COASTAL","UV PRINT","UV","0","Y","UNSUPPORTED_ROUTING"
"130136497","369","TPG-0122-999-OS","GIRLS PLAYING CARDS - AUST","UV PRINT","UV","0","Y","UNSUPPORTED_ROUTING"
"130136497","37","AHL-2635-981-OS","WOMENS KEYRING - FISH FRIENDS","UV PRINT","UV","0","Y","UNSUPPORTED_ROUTING"
"130136497","38","AHL-2640-806-OS","WOMENS KEYRING - AUS FLORAL MAP","UV PRINT","UV","0","Y","UNSUPPORTED_ROUTING"
"130136497","39","AHL-2670-210-OS","WOMENS KEYRING - STARFISH","UV PRINT","UV","0","Y","UNSUPPORTED_ROUTING"
"130136497","4","AHB-2319-999-OS","BOYS KEYRING SC - AUSSIE SURFARI","UV PRINT","UV","0","Y","UNSUPPORTED_ROUTING"
"130136497","40","AHL-2671-210-OS","WOMENS KEYRING - SAND DOLLAR","UV PRINT","UV","0","Y","UNSUPPORTED_ROUTING"
"130136497","41","AHL-2674-210-OS","WOMENS KEYRING - SINGLE ROO","UV PRINT","UV","0","Y","UNSUPPORTED_ROUTING"
"130136497","42","AHL-2730-999-OS","WOMENS MAGNET - CORAL SUNRISE TURTLE","UV PRINT","UV","0","Y","UNSUPPORTED_ROUTING"
"130136497","45","AHM-2608-999-OS","MENS MAGNET - ROTTNEST BARRELS","UV PRINT","UV","0","Y","UNSUPPORTED_ROUTING"
"130136497","47","AHM-2641-971-OS","MENS KEYRING - SET WAVES","UV PRINT","UV","0","Y","UNSUPPORTED_ROUTING"
"130136497","48","AHM-2643-971-OS","MENS KEYRING - MAHI MAHI","UV PRINT","UV","0","Y","UNSUPPORTED_ROUTING"
"130136497","49","AHM-2644-971-OS","MENS KEYRING - WOODY","UV PRINT","UV","0","Y","UNSUPPORTED_ROUTING"
"130136497","5","AHB-2320-999-OS","BOYS KEYRING ENM - AUSSIE MAP","UV PRINT","UV","0","Y","UNSUPPORTED_ROUTING"
"130136497","50","AHM-2646-971-OS","MENS KEYRING - COASTAL COLLECTION","UV PRINT","UV","0","Y","UNSUPPORTED_ROUTING"
"130136497","51","AHM-2648-100-OS","MENS KEYRING - LUCKY ROO","UV PRINT","UV","0","Y","UNSUPPORTED_ROUTING"
"130136497","52","AHM-2739-999-OS","MENS MAGNET - OZ ROAD TRIP","UV PRINT","UV","0","Y","UNSUPPORTED_ROUTING"
"130136497","6","AHB-2461-999-OS","BOYS KEYRING SC - SHAKA VIBES","UV PRINT","UV","0","Y","UNSUPPORTED_ROUTING"
"130136497","61","AJG-0160-400-OS","GIRLS COMPACT HAIRBRUSH - KOALA","UV PRINT","UV","0","Y","UNSUPPORTED_ROUTING"
"130136497","68","AKB-0261-999-OS","BOYS PLUSH KEYRING - SHARK","UV PRINT","UV","0","Y","UNSUPPORTED_ROUTING"
"130136497","7","AHB-2520-999-OS","BOYS CIRCLE MAGNET - SHAKA VIBE","UV PRINT","UV","0","Y","UNSUPPORTED_ROUTING"
"130136497","71","AKB-0262-999-OS","BOYS PLUSH KEYRING - OCTOPUS","UV PRINT","UV","0","Y","UNSUPPORTED_ROUTING"
"130136497","74","AKB-0263-999-OS","BOYS PLUSH KEYRING - COMBI","UV PRINT","UV","0","Y","UNSUPPORTED_ROUTING"
"130136497","77","AKG-0200-999-OS","GIRLS KEYRING SC - RAINBOW COMBI","UV PRINT","UV","0","Y","UNSUPPORTED_ROUTING"
"130136497","80","AKG-0265-999-OS","GIRLS PLUSH KEYRING - BIG EYE TURTLE","UV PRINT","UV","0","Y","UNSUPPORTED_ROUTING"
"130136497","83","AKG-0266-999-OS","GIRLS PLUSH KEYRING - SEAHORSE","UV PRINT","UV","0","Y","UNSUPPORTED_ROUTING"
"130136497","86","AKG-0267-999-OS","GIRLS PLUSH KEYRING - FOLK MERMAID","UV PRINT","UV","0","Y","UNSUPPORTED_ROUTING"
"130136497","89","AKM-0011-732-OS","MENS KEYRING - SINGLE BOARD","UV PRINT","UV","0","Y","UNSUPPORTED_ROUTING"
"130136497","9","AHB-2529-999-OS","BOYS CIRCLE MAGNET - AUSSIE MAP","UV PRINT","UV","0","Y","UNSUPPORTED_ROUTING"
"130136497","90","AKM-0013-732-OS","MENS KEYRING - SHAKA","UV PRINT","UV","0","Y","UNSUPPORTED_ROUTING"
"130137146","10","AML-0013-999-OS","WOMENS MAGNET - SUNSET BLEND","UV PRINT","UV","4","Y","UNSUPPORTED_ROUTING"
"130137146","12","AML-0015-999-OS","WOMENS MAGNET - HOLIDAY BAY","UV PRINT","UV","4","Y","UNSUPPORTED_ROUTING"
"130137146","3","AHL-2728-999-OS","WOMENS MAGNET - GROOVY PALM","UV PRINT","UV","4","Y","UNSUPPORTED_ROUTING"
"130137146","5","AHL-2731-999-OS","WOMENS MAGNET - ON THE HORIZON","UV PRINT","UV","4","Y","UNSUPPORTED_ROUTING"
"130137146","8","AHM-2735-999-OS","MENS MAGNET - SHOREBREAK","UV PRINT","UV","4","Y","UNSUPPORTED_ROUTING"
"130137151","1","AKM-0004-732-OS","MENS KEYRING - KOMBI","UV PRINT","UV","0","Y","UNSUPPORTED_ROUTING"
"130137151","2","AKM-0016-732-OS","MENS KEYRING - BOARD TRIO","UV PRINT","UV","0","Y","UNSUPPORTED_ROUTING"
"130137151","3","AMM-0001-999-OS","MENS MAGNET - MARLIN","UV PRINT","UV","0","Y","UNSUPPORTED_ROUTING"
"130137151","5","AMM-0016-999-OS","MENS MAGNET - COASTAL COLLECTION","UV PRINT","UV","0","Y","UNSUPPORTED_ROUTING"
"130137153","10","AHL-2729-999-OS","WOMENS MAGNET - WHALE SONG","UV PRINT","UV","4","Y","UNSUPPORTED_ROUTING"
"130137153","12","AHL-2731-999-OS","WOMENS MAGNET - ON THE HORIZON","UV PRINT","UV","4","Y","UNSUPPORTED_ROUTING"
"130137153","14","AHM-2732-999-OS","MENS MAGNET - SURF COLLAGE","UV PRINT","UV","4","Y","UNSUPPORTED_ROUTING"
"130137153","16","AHM-2735-999-OS","MENS MAGNET - SHOREBREAK","UV PRINT","UV","4","Y","UNSUPPORTED_ROUTING"
"130137153","18","AML-0002-999-OS","WOMENS MAGNET - STARFISH","UV PRINT","UV","4","Y","UNSUPPORTED_ROUTING"
"130137153","20","AML-0013-999-OS","WOMENS MAGNET - SUNSET BLEND","UV PRINT","UV","4","Y","UNSUPPORTED_ROUTING"
"130137153","22","AML-0015-999-OS","WOMENS MAGNET - HOLIDAY BAY","UV PRINT","UV","4","Y","UNSUPPORTED_ROUTING"
"130137153","8","AHL-2728-999-OS","WOMENS MAGNET - GROOVY PALM","UV PRINT","UV","4","Y","UNSUPPORTED_ROUTING"
"130137154","1","AHB-2748-999-OS","BOYS CIRCLE MAGNET - REEF PATROL","UV PRINT","UV","0","Y","UNSUPPORTED_ROUTING"
"130137154","11","AHL-2729-999-OS","WOMENS MAGNET - WHALE SONG","UV PRINT","UV","0","Y","UNSUPPORTED_ROUTING"
"130137154","13","AHL-2730-999-OS","WOMENS MAGNET - CORAL SUNRISE TURTLE","UV PRINT","UV","0","Y","UNSUPPORTED_ROUTING"
"130137154","15","AHL-2731-999-OS","WOMENS MAGNET - ON THE HORIZON","UV PRINT","UV","0","Y","UNSUPPORTED_ROUTING"
"130137154","17","AHM-2644-971-OS","MENS KEYRING - WOODY","UV PRINT","UV","0","Y","UNSUPPORTED_ROUTING"
"130137154","18","AHM-2732-999-OS","MENS MAGNET - SURF COLLAGE","UV PRINT","UV","0","Y","UNSUPPORTED_ROUTING"
"130137154","20","AHM-2733-999-OS","MENS MAGNET - CUTBACK","UV PRINT","UV","0","Y","UNSUPPORTED_ROUTING"
"130137154","22","AHM-2735-999-OS","MENS MAGNET - SHOREBREAK","UV PRINT","UV","0","Y","UNSUPPORTED_ROUTING"
"130137154","24","AKM-0004-732-OS","MENS KEYRING - KOMBI","UV PRINT","UV","0","Y","UNSUPPORTED_ROUTING"
"130137154","25","AKM-0016-732-OS","MENS KEYRING - BOARD TRIO","UV PRINT","UV","0","Y","UNSUPPORTED_ROUTING"
"130137154","26","AML-0003-999-OS","WOMENS MAGNET - BOARDS","UV PRINT","UV","0","Y","UNSUPPORTED_ROUTING"
"130137154","28","AML-0023-999-OS","WOMENS MAGNET - SURF TRIP","UV PRINT","UV","0","Y","UNSUPPORTED_ROUTING"
"130137154","3","AHL-2632-806-OS","WOMENS KEYRING - PALM","UV PRINT","UV","0","Y","UNSUPPORTED_ROUTING"
"130137154","30","AMM-0001-999-OS","MENS MAGNET - MARLIN","UV PRINT","UV","0","Y","UNSUPPORTED_ROUTING"
"130137154","32","AMM-0005-999-OS","MENS MAGNET - BOARD STRIPES","UV PRINT","UV","0","Y","UNSUPPORTED_ROUTING"
"130137154","4","AHL-2635-981-OS","WOMENS KEYRING - FISH FRIENDS","UV PRINT","UV","0","Y","UNSUPPORTED_ROUTING"
"130137154","5","AHL-2637-981-OS","WOMENS KEYRING - WHALE TAIL","UV PRINT","UV","0","Y","UNSUPPORTED_ROUTING"
"130137154","6","AHL-2669-210-OS","WOMENS KEYRING - OCEAN TURTLE","UV PRINT","UV","0","Y","UNSUPPORTED_ROUTING"
"130137154","7","AHL-2670-210-OS","WOMENS KEYRING - STARFISH","UV PRINT","UV","0","Y","UNSUPPORTED_ROUTING"
"130137154","8","AHL-2671-210-OS","WOMENS KEYRING - SAND DOLLAR","UV PRINT","UV","0","Y","UNSUPPORTED_ROUTING"
"130137154","9","AHL-2728-999-OS","WOMENS MAGNET - GROOVY PALM","UV PRINT","UV","0","Y","UNSUPPORTED_ROUTING"
"130137196","11","AHL-2730-999-OS","WOMENS MAGNET - CORAL SUNRISE TURTLE","UV PRINT","UV","12","Y","UNSUPPORTED_ROUTING"
"130137196","13","AHL-2731-999-OS","WOMENS MAGNET - ON THE HORIZON","UV PRINT","UV","12","Y","UNSUPPORTED_ROUTING"
"130137196","19","AHM-2732-999-OS","MENS MAGNET - SURF COLLAGE","UV PRINT","UV","12","Y","UNSUPPORTED_ROUTING"
"130137196","21","AHM-2733-999-OS","MENS MAGNET - CUTBACK","UV PRINT","UV","12","Y","UNSUPPORTED_ROUTING"
"130137196","23","AHM-2734-999-OS","MENS MAGNET - ISLAND TURTLE","UV PRINT","UV","12","Y","UNSUPPORTED_ROUTING"
"130137196","25","AHM-2735-999-OS","MENS MAGNET - SHOREBREAK","UV PRINT","UV","12","Y","UNSUPPORTED_ROUTING"
"130137196","27","AHM-2736-999-OS","MENS MAGNET - VINTAGE WOODY","UV PRINT","UV","12","Y","UNSUPPORTED_ROUTING"
"130137196","7","AHL-2728-999-OS","WOMENS MAGNET - GROOVY PALM","UV PRINT","UV","12","Y","UNSUPPORTED_ROUTING"
"130137196","9","AHL-2729-999-OS","WOMENS MAGNET - WHALE SONG","UV PRINT","UV","12","Y","UNSUPPORTED_ROUTING"
"130137270","10","AHB-2746-999-OS","BOYS CIRCLE MAGNET - 90S JAWSOME","UV PRINT","UV","8","Y","UNSUPPORTED_ROUTING"
"130137270","12","AHB-2749-999-OS","BOYS CIRCLE MAGNET - LIVIN AN ENDLESS SUMMER","UV PRINT","UV","8","Y","UNSUPPORTED_ROUTING"
"130137270","14","AHG-2568-999-OS","GIRLS CIRCLE MAGNET - SEASIDE VIBE","UV PRINT","UV","8","Y","UNSUPPORTED_ROUTING"
"130137270","16","AHG-2582-999-OS","GIRLS CIRCLE MAGNET - AUSSIE SCENIC","UV PRINT","UV","8","Y","UNSUPPORTED_ROUTING"
"130137270","18","AHG-2754-999-OS","GIRLS CIRCLE MAGNET - RAISED BY THE SEA","UV PRINT","UV","8","Y","UNSUPPORTED_ROUTING"
"130137270","2","AHB-2520-999-OS","BOYS CIRCLE MAGNET - SHAKA VIBE","UV PRINT","UV","8","Y","UNSUPPORTED_ROUTING"
"130137270","21","AHL-2729-999-OS","WOMENS MAGNET - WHALE SONG","UV PRINT","UV","8","Y","UNSUPPORTED_ROUTING"
"130137270","23","AHM-2398-999-OS","MENS MAGNET - OCEAN PATROL","UV PRINT","UV","28","Y","UNSUPPORTED_ROUTING"
"130137270","25","AHM-2540-999-OS","MENS MAGNET - LOBSTER SUPPLY","UV PRINT","UV","8","Y","UNSUPPORTED_ROUTING"
"130137270","27","AHM-2732-999-OS","MENS MAGNET - SURF COLLAGE","UV PRINT","UV","8","Y","UNSUPPORTED_ROUTING"
"130137270","29","AHM-2733-999-OS","MENS MAGNET - CUTBACK","UV PRINT","UV","8","Y","UNSUPPORTED_ROUTING"
"130137270","293","TPB-0301-999-OS","BOYS WATER GLOBE - NICE TO EAT YOU","UV PRINT","UV","12","Y","UNSUPPORTED_ROUTING"
"130137270","32","AML-0019-999-OS","WOMENS MAGNET - SUMMER VIBES","UV PRINT","UV","8","Y","UNSUPPORTED_ROUTING"
"130137270","4","AHB-2523-999-OS","BOYS CIRCLE MAGNET - HERE COMES TROUBLE","UV PRINT","UV","8","Y","UNSUPPORTED_ROUTING"
"130137270","6","AHB-2535-999-OS","BOYS CIRCLE MAGNET - STAY SALTY","UV PRINT","UV","8","Y","UNSUPPORTED_ROUTING"
"130137270","8","AHB-2573-999-OS","BOYS CIRCLE MAGNET - SURF AND STOKE","UV PRINT","UV","8","Y","UNSUPPORTED_ROUTING"
"130137327","10","AHG-2517-999-OS","GIRLS CIRCLE MAGNET - SCENIC CIRCLE","UV PRINT","UV","4","Y","UNSUPPORTED_ROUTING"
"130137327","12","AHG-2559-999-OS","GIRLS CIRCLE MAGNET - SCENIC TURTLE","UV PRINT","UV","6","Y","UNSUPPORTED_ROUTING"
"130137327","14","AHG-2750-999-OS","GIRLS CIRCLE MAGNET - FREE SEA MERMAID","UV PRINT","UV","4","Y","UNSUPPORTED_ROUTING"
"130137327","16","AHG-2751-999-OS","GIRLS CIRCLE MAGNET - TURTLE SCENE","UV PRINT","UV","4","Y","UNSUPPORTED_ROUTING"
"130137327","18","AHG-2752-999-OS","GIRLS CIRCLE MAGNET - LITTLE OCEAN PRINCESS","UV PRINT","UV","4","Y","UNSUPPORTED_ROUTING"
"130137327","2","AHB-2523-999-OS","BOYS CIRCLE MAGNET - HERE COMES TROUBLE","UV PRINT","UV","4","Y","UNSUPPORTED_ROUTING"
"130137327","20","AHG-2755-999-OS","GIRLS CIRCLE MAGNET - UNDERWATER ADVENTURE","UV PRINT","UV","4","Y","UNSUPPORTED_ROUTING"
"130137327","22","AHG-2756-999-OS","GIRLS CIRCLE MAGNET - OCEAN DREAMS","UV PRINT","UV","4","Y","UNSUPPORTED_ROUTING"
"130137327","4","AHB-2745-999-OS","BOYS CIRCLE MAGNET - CROCODILE CRUISE","UV PRINT","UV","4","Y","UNSUPPORTED_ROUTING"
"130137327","8","AHG-2515-999-OS","GIRLS CIRCLE MAGNET - VITAMIN SEA","UV PRINT","UV","4","Y","UNSUPPORTED_ROUTING"
"130137335","10","AKL-0006-210-OS","WOMENS KEYRING - STARFISH","UV PRINT","UV","4","Y","UNSUPPORTED_ROUTING"
"130137335","13","AKL-0008-210-OS","WOMENS KEYRING - OCEAN TURTLE","UV PRINT","UV","6","Y","UNSUPPORTED_ROUTING"
"130137335","16","AKL-0010-210-OS","WOMENS KEYRING - SAND DOLLAR","UV PRINT","UV","4","Y","UNSUPPORTED_ROUTING"
"130137335","2","AHL-2729-999-OS","WOMENS MAGNET - WHALE SONG","UV PRINT","UV","4","Y","UNSUPPORTED_ROUTING"
"130137335","23","AML-0019-999-OS","WOMENS MAGNET - SUMMER VIBES","UV PRINT","UV","4","Y","UNSUPPORTED_ROUTING"
"130137335","25","AML-0023-999-OS","WOMENS MAGNET - SURF TRIP","UV PRINT","UV","4","Y","UNSUPPORTED_ROUTING"
"130137335","27","AMM-0003-999-OS","MENS MAGNET - STEEZY","UV PRINT","UV","4","Y","UNSUPPORTED_ROUTING"
"130137335","29","AMM-0016-999-OS","MENS MAGNET - COASTAL COLLECTION","UV PRINT","UV","4","Y","UNSUPPORTED_ROUTING"
"130137335","31","AMM-0025-999-OS","MENS MAGNET - MARLIN QUAYS","UV PRINT","UV","4","Y","UNSUPPORTED_ROUTING"
"130137335","33","AMM-0028-999-OS","MENS MAGNET - FISH STACK","UV PRINT","UV","4","Y","UNSUPPORTED_ROUTING"
"130137335","6","AHM-2733-999-OS","MENS MAGNET - CUTBACK","UV PRINT","UV","4","Y","UNSUPPORTED_ROUTING"
"130137335","8","AHM-2736-999-OS","MENS MAGNET - VINTAGE WOODY","UV PRINT","UV","4","Y","UNSUPPORTED_ROUTING"
"130137346","1","AHB-2318-999-OS","BOYS KEYRING SC - KANGABOOM","UV PRINT","UV","0","Y","UNSUPPORTED_ROUTING"
"130137346","10","AHG-2526-999-OS","GIRLS CIRCLE MAGNET - PRETTY KANGAROO","UV PRINT","UV","0","Y","UNSUPPORTED_ROUTING"
"130137346","12","AHG-2762-999-OS","GIRLS CIRCLE MAGNET - BORN TO CUDDLE","UV PRINT","UV","0","Y","UNSUPPORTED_ROUTING"
"130137346","14","AHG-2763-999-OS","GIRLS CIRCLE MAGNET - BIRDSONG MAP OZ","UV PRINT","UV","0","Y","UNSUPPORTED_ROUTING"
"130137346","17","AHL-2406-999-OS","WOMENS MAGNET - TWO KOALAS","UV PRINT","UV","0","Y","UNSUPPORTED_ROUTING"
"130137346","19","AHL-2672-210-OS","WOMENS KEYRING - KOALA","UV PRINT","UV","0","Y","UNSUPPORTED_ROUTING"
"130137346","2","AHB-2527-999-OS","BOYS CIRCLE MAGNET - KANGABOOM","UV PRINT","UV","0","Y","UNSUPPORTED_ROUTING"
"130137346","20","AHL-2674-210-OS","WOMENS KEYRING - SINGLE ROO","UV PRINT","UV","0","Y","UNSUPPORTED_ROUTING"
"130137346","21","AHL-2740-999-OS","WOMENS MAGNET - OZ COLLAGE","UV PRINT","UV","0","Y","UNSUPPORTED_ROUTING"
"130137346","26","AHM-0749-999-OS","MENS COOLER - LUCKY ROO","UV PRINT","UV","0","Y","UNSUPPORTED_ROUTING"
"130137346","263","AHL-0737-999-OS","WOMENS COOLER - AUS RISING","UV PRINT","UV","0","Y","UNSUPPORTED_ROUTING"
"130137346","264","AHL-2638-971-OS","WOMENS KEYRING - GDAY WHITE","UV PRINT","UV","0","Y","UNSUPPORTED_ROUTING"
"130137346","265","AHL-2640-806-OS","WOMENS KEYRING - AUS FLORAL MAP","UV PRINT","UV","0","Y","UNSUPPORTED_ROUTING"
"130137346","266","AHM-2647-100-OS","MENS KEYRING - LUCKY MAP","UV PRINT","UV","0","Y","UNSUPPORTED_ROUTING"
"130137346","267","AHM-2648-100-OS","MENS KEYRING - LUCKY ROO","UV PRINT","UV","0","Y","UNSUPPORTED_ROUTING"
"130137346","28","AHM-2562-732-OS","MENS KEYRING - HERO ROO","UV PRINT","UV","0","Y","UNSUPPORTED_ROUTING"
"130137346","29","AHM-2563-732-OS","MENS KEYRING - SINGLE ROO","UV PRINT","UV","0","Y","UNSUPPORTED_ROUTING"
"130137346","30","AHM-2739-999-OS","MENS MAGNET - OZ ROAD TRIP","UV PRINT","UV","0","Y","UNSUPPORTED_ROUTING"
"130137346","32","AHM-2813-999-OS","MENS MAGNET - HOOROO","UV PRINT","UV","0","Y","UNSUPPORTED_ROUTING"
"130137346","34","AML-0009-999-OS","WOMENS MAGNET - KOALA","UV PRINT","UV","0","Y","UNSUPPORTED_ROUTING"
"130137346","36","AML-0010-999-OS","WOMENS MAGNET - AUS RISE","UV PRINT","UV","0","Y","UNSUPPORTED_ROUTING"
"130137346","38","AMM-0012-999-OS","MENS MAGNET - AUS SCENE","UV PRINT","UV","0","Y","UNSUPPORTED_ROUTING"
"130137346","4","AHB-2758-999-OS","BOYS CIRCLE MAGNET - NO FEAR DOWN HERE","UV PRINT","UV","0","Y","UNSUPPORTED_ROUTING"
"130137346","40","AMM-0013-999-OS","MENS MAGNET - HERO ROO","UV PRINT","UV","0","Y","UNSUPPORTED_ROUTING"
"130137346","6","AHB-2759-999-OS","BOYS CIRCLE MAGNET - THUMBS UP GDAY","UV PRINT","UV","0","Y","UNSUPPORTED_ROUTING"
"130137346","8","AHG-2314-999-OS","GIRLS KEYRING SC - GDAY KOALA MUM","UV PRINT","UV","0","Y","UNSUPPORTED_ROUTING"
"130137346","9","AHG-2316-999-OS","GIRLS KEYRING SC - AUSSIE ROO","UV PRINT","UV","0","Y","UNSUPPORTED_ROUTING"
"130137364","14","AHM-2732-999-OS","MENS MAGNET - SURF COLLAGE","UV PRINT","UV","8","Y","UNSUPPORTED_ROUTING"
"130137364","16","AKL-0007-210-OS","WOMENS KEYRING - SEAHORSE","UV PRINT","UV","4","Y","UNSUPPORTED_ROUTING"
"130137364","19","AKL-0008-210-OS","WOMENS KEYRING - OCEAN TURTLE","UV PRINT","UV","8","Y","UNSUPPORTED_ROUTING"
"130137364","22","AKL-0013-210-OS","WOMENS KEYRING - SHELL","UV PRINT","UV","4","Y","UNSUPPORTED_ROUTING"
"130137364","25","AML-0025-999-OS","WOMENS MAGNET - SUNRISE TURTLE","UV PRINT","UV","6","Y","UNSUPPORTED_ROUTING"
"130137364","27","AMM-0004-999-OS","MENS MAGNET - SERENE","UV PRINT","UV","4","Y","UNSUPPORTED_ROUTING"
"130137364","29","AMM-0017-999-OS","MENS MAGNET - SUN DOWN","UV PRINT","UV","4","Y","UNSUPPORTED_ROUTING"
"130137364","31","AMM-0023-999-OS","MENS MAGNET - SETTING SUN","UV PRINT","UV","6","Y","UNSUPPORTED_ROUTING"
"130137364","5","AHL-2728-999-OS","WOMENS MAGNET - GROOVY PALM","UV PRINT","UV","8","Y","UNSUPPORTED_ROUTING"
"130137364","7","AHL-2730-999-OS","WOMENS MAGNET - CORAL SUNRISE TURTLE","UV PRINT","UV","8","Y","UNSUPPORTED_ROUTING"
"130137393","276","AHB-2575-999-OS","BOYS CIRCLE MAGNET - OH SNAP CROC","UV PRINT","UV","4","Y","UNSUPPORTED_ROUTING"
"130137393","278","AML-0015-999-OS","WOMENS MAGNET - HOLIDAY BAY","UV PRINT","UV","7","Y","UNSUPPORTED_ROUTING"
"130137393","280","AHG-2517-999-OS","GIRLS CIRCLE MAGNET - SCENIC CIRCLE","UV PRINT","UV","4","Y","UNSUPPORTED_ROUTING"
"130137393","282","AHB-2528-999-OS","BOYS CIRCLE MAGNET - G'DAY DOWNUNDER","UV PRINT","UV","4","Y","UNSUPPORTED_ROUTING"
"130137393","284","AHB-2523-999-OS","BOYS CIRCLE MAGNET - HERE COMES TROUBLE","UV PRINT","UV","4","Y","UNSUPPORTED_ROUTING"
"130137393","286","AHG-2514-999-OS","GIRLS CIRCLE MAGNET - GOOD VIBES","UV PRINT","UV","4","Y","UNSUPPORTED_ROUTING"
"130137393","301","AJG-0159-400-OS","GIRLS COMPACT HAIRBRUSH - TURTLE","UV PRINT","UV","3","Y","UNSUPPORTED_ROUTING"
"130137393","303","AJG-0160-400-OS","GIRLS COMPACT HAIRBRUSH - KOALA","UV PRINT","UV","2","Y","UNSUPPORTED_ROUTING"
"130137393","305","AJG-0157-400-OS","GIRLS COMPACT HAIRBRUSH - MERMAID","UV PRINT","UV","2","Y","UNSUPPORTED_ROUTING"
"130137393","80","AKG-0266-999-OS","GIRLS PLUSH KEYRING - SEAHORSE","UV PRINT","UV","2","Y","UNSUPPORTED_ROUTING"
"130137399","290","AHG-2562-999-OS","GIRLS CIRCLE MAGNET - FOLK MERMAID","UV PRINT","UV","4","Y","UNSUPPORTED_ROUTING"
"130137399","292","AML-0001-999-OS","WOMENS MAGNET - SWELL","UV PRINT","UV","4","Y","UNSUPPORTED_ROUTING"
"130137399","294","AML-0009-999-OS","WOMENS MAGNET - KOALA","UV PRINT","UV","4","Y","UNSUPPORTED_ROUTING"
"130137399","296","AML-0015-999-OS","WOMENS MAGNET - HOLIDAY BAY","UV PRINT","UV","7","Y","UNSUPPORTED_ROUTING"
"130137399","298","AML-0021-999-OS","WOMENS MAGNET - WAVE RAYS","UV PRINT","UV","4","Y","UNSUPPORTED_ROUTING"
"130137399","300","AHL-2402-999-OS","WOMENS MAGNET - VACAY","UV PRINT","UV","7","Y","UNSUPPORTED_ROUTING"
"130137399","325","AJG-0157-400-OS","GIRLS COMPACT HAIRBRUSH - MERMAID","UV PRINT","UV","4","Y","UNSUPPORTED_ROUTING"
"130137399","328","AWG-0860-999-OS","GIRLS SHOULDER PURSE - MERMAID","UV PRINT","UV","2","Y","UNSUPPORTED_ROUTING"
"130137401","1","AHM-2437-999-OS","MENS MAGNET - ALOHA SHAKA","UV PRINT","UV","12","Y","UNSUPPORTED_ROUTING"
"130137401","12","AKL-0008-210-OS","WOMENS KEYRING - OCEAN TURTLE","UV PRINT","UV","12","Y","UNSUPPORTED_ROUTING"
"130137401","15","AKL-0009-210-OS","WOMENS KEYRING - FISHIES","UV PRINT","UV","6","Y","UNSUPPORTED_ROUTING"
"130137401","18","AKL-0010-210-OS","WOMENS KEYRING - SAND DOLLAR","UV PRINT","UV","18","Y","UNSUPPORTED_ROUTING"
"130137401","25","AML-0006-999-OS","WOMENS MAGNET - OCEAN TURTLE","UV PRINT","UV","8","Y","UNSUPPORTED_ROUTING"
"130137401","27","AML-0015-999-OS","WOMENS MAGNET - HOLIDAY BAY","UV PRINT","UV","6","Y","UNSUPPORTED_ROUTING"
"130137401","29","AML-0017-999-OS","WOMENS MAGNET - HAWAII ISLAND SUN","UV PRINT","UV","10","Y","UNSUPPORTED_ROUTING"
"130137401","3","AHM-2465-999-OS","MENS MAGNET - PCC PATTERN RUST","UV PRINT","UV","16","Y","UNSUPPORTED_ROUTING"
"130137401","31","AML-0018-999-OS","WOMENS MAGNET - ALOHA PINEAPPLE","UV PRINT","UV","8","Y","UNSUPPORTED_ROUTING"
"130137401","33","AML-0025-999-OS","WOMENS MAGNET - SUNRISE TURTLE","UV PRINT","UV","6","Y","UNSUPPORTED_ROUTING"
"130137401","35","AMM-0018-999-OS","MENS MAGNET - ALOHA SCENE","UV PRINT","UV","18","Y","UNSUPPORTED_ROUTING"
"130137401","5","AHM-2466-999-OS","MENS MAGNET - PCC PATTERN GREEN","UV PRINT","UV","10","Y","UNSUPPORTED_ROUTING"
"130137401","7","AHM-2467-999-OS","MENS MAGNET - PCC GREETINGS","UV PRINT","UV","9","Y","UNSUPPORTED_ROUTING"
"130137401","9","AKL-0006-210-OS","WOMENS KEYRING - STARFISH","UV PRINT","UV","12","Y","UNSUPPORTED_ROUTING"
"130137402","10","AHB-2532-999-OS","BOYS CIRCLE MAGNET - HW SURFER DOODLE DUDE","UV PRINT","UV","4","Y","UNSUPPORTED_ROUTING"
"130137402","12","AHB-2574-999-OS","BOYS CIRCLE MAGNET - STOKED TURTLE","UV PRINT","UV","4","Y","UNSUPPORTED_ROUTING"
"130137402","14","AHB-2591-999-OS","BOYS CIRCLE MAGNET - HAWAII MAP","UV PRINT","UV","8","Y","UNSUPPORTED_ROUTING"
"130137402","16","AHB-2592-999-OS","BOYS CIRCLE MAGNET - HAWAII SHAKA","UV PRINT","UV","8","Y","UNSUPPORTED_ROUTING"
"130137402","32","AHG-2517-999-OS","GIRLS CIRCLE MAGNET - SCENIC CIRCLE","UV PRINT","UV","8","Y","UNSUPPORTED_ROUTING"
"130137402","34","AHG-2530-999-OS","GIRLS CIRCLE MAGNET - ALOHA HAWAII","UV PRINT","UV","6","Y","UNSUPPORTED_ROUTING"
"130137402","36","AHG-2531-999-OS","GIRLS CIRCLE MAGNET - HAWAII VIBES","UV PRINT","UV","6","Y","UNSUPPORTED_ROUTING"
"130137402","38","AHG-2559-999-OS","GIRLS CIRCLE MAGNET - SCENIC TURTLE","UV PRINT","UV","8","Y","UNSUPPORTED_ROUTING"
"130137402","40","AHG-2564-999-OS","GIRLS CIRCLE MAGNET - SUNSHINE SALTWATER","UV PRINT","UV","4","Y","UNSUPPORTED_ROUTING"
"130137402","42","AHG-2589-999-OS","GIRLS CIRCLE MAGNET - HULA HAWAII","UV PRINT","UV","4","Y","UNSUPPORTED_ROUTING"
"130137402","8","AHB-2522-999-OS","BOYS CIRCLE MAGNET - SURF CREW","UV PRINT","UV","4","Y","UNSUPPORTED_ROUTING"
"130137406","258","AHB-2588-999-OS","BOYS CIRCLE MAGNET - AUSSIE ANIMALS","UV PRINT","UV","4","Y","UNSUPPORTED_ROUTING"
"130137406","260","AHG-2560-999-OS","GIRLS CIRCLE MAGNET - BY THE SEA MERMAID","UV PRINT","UV","4","Y","UNSUPPORTED_ROUTING"
"130137407","1","AHM-2437-999-OS","MENS MAGNET - ALOHA SHAKA","UV PRINT","UV","6","Y","UNSUPPORTED_ROUTING"
"130137407","12","AML-0001-999-OS","WOMENS MAGNET - SWELL","UV PRINT","UV","4","Y","UNSUPPORTED_ROUTING"
"130137407","14","AML-0025-999-OS","WOMENS MAGNET - SUNRISE TURTLE","UV PRINT","UV","6","Y","UNSUPPORTED_ROUTING"
"130137407","16","AMM-0018-999-OS","MENS MAGNET - ALOHA SCENE","UV PRINT","UV","4","Y","UNSUPPORTED_ROUTING"
"130137407","3","AKL-0006-210-OS","WOMENS KEYRING - STARFISH","UV PRINT","UV","4","Y","UNSUPPORTED_ROUTING"
"130137407","6","AKL-0008-210-OS","WOMENS KEYRING - OCEAN TURTLE","UV PRINT","UV","4","Y","UNSUPPORTED_ROUTING"
"130137408","100","AKG-0200-999-OS","GIRLS KEYRING SC - RAINBOW COMBI","UV PRINT","UV","6","Y","UNSUPPORTED_ROUTING"
"130137408","104","AKG-0267-999-OS","GIRLS PLUSH KEYRING - FOLK MERMAID","UV PRINT","UV","2","Y","UNSUPPORTED_ROUTING"
"130137408","221","AHB-2584-999-OS","BOYS CIRCLE MAGNET - WAVE JUMPER KANGA","UV PRINT","UV","4","Y","UNSUPPORTED_ROUTING"
"130137408","223","AHG-2516-999-OS","GIRLS CIRCLE MAGNET - FREE BY THE SEA","UV PRINT","UV","4","Y","UNSUPPORTED_ROUTING"
"130137408","225","AMG-0200-999-OS","GIRLS MAGNET SC - COMBI FUN","UV PRINT","UV","10","Y","UNSUPPORTED_ROUTING"
"130137408","228","AMB-0207-999-OS","BOYS MAGNET SC - COMBI LIVIN","UV PRINT","UV","3","Y","UNSUPPORTED_ROUTING"
"130137408","231","AHG-2514-999-OS","GIRLS CIRCLE MAGNET - GOOD VIBES","UV PRINT","UV","4","Y","UNSUPPORTED_ROUTING"
"130137408","254","AJG-0157-400-OS","GIRLS COMPACT HAIRBRUSH - MERMAID","UV PRINT","UV","2","Y","UNSUPPORTED_ROUTING"
"130137408","257","AWG-0860-999-OS","GIRLS SHOULDER PURSE - MERMAID","UV PRINT","UV","2","Y","UNSUPPORTED_ROUTING"
"130137408","260","AWG-0859-999-OS","GIRLS SHOULDER PURSE - SEAHORSE","UV PRINT","UV","2","Y","UNSUPPORTED_ROUTING"
"130137409","251","AHB-2584-999-OS","BOYS CIRCLE MAGNET - WAVE JUMPER KANGA","UV PRINT","UV","5","Y","UNSUPPORTED_ROUTING"
"130137409","253","AHG-2559-999-OS","GIRLS CIRCLE MAGNET - SCENIC TURTLE","UV PRINT","UV","4","Y","UNSUPPORTED_ROUTING"
"130137409","255","AHG-2562-999-OS","GIRLS CIRCLE MAGNET - FOLK MERMAID","UV PRINT","UV","4","Y","UNSUPPORTED_ROUTING"
"130137409","257","AML-0010-999-OS","WOMENS MAGNET - AUS RISE","UV PRINT","UV","4","Y","UNSUPPORTED_ROUTING"
"130137409","259","AMB-0257-999-OS","BOYS MAGNET WD - ALL GOOD","UV PRINT","UV","8","Y","UNSUPPORTED_ROUTING"
"130137409","262","AHM-2410-999-OS","MENS MAGNET - OUT OF OFFICE","UV PRINT","UV","6","Y","UNSUPPORTED_ROUTING"
"130137409","264","AHG-2515-999-OS","GIRLS CIRCLE MAGNET - VITAMIN SEA","UV PRINT","UV","14","Y","UNSUPPORTED_ROUTING"
"130137409","266","AHG-2517-999-OS","GIRLS CIRCLE MAGNET - SCENIC CIRCLE","UV PRINT","UV","8","Y","UNSUPPORTED_ROUTING"
"130137409","268","AMG-0200-999-OS","GIRLS MAGNET SC - COMBI FUN","UV PRINT","UV","13","Y","UNSUPPORTED_ROUTING"
"130137409","271","AMB-0207-999-OS","BOYS MAGNET SC - COMBI LIVIN","UV PRINT","UV","14","Y","UNSUPPORTED_ROUTING"
"130137409","288","AJG-0159-400-OS","GIRLS COMPACT HAIRBRUSH - TURTLE","UV PRINT","UV","3","Y","UNSUPPORTED_ROUTING"
"130137409","290","AJG-0157-400-OS","GIRLS COMPACT HAIRBRUSH - MERMAID","UV PRINT","UV","6","Y","UNSUPPORTED_ROUTING"
"130137409","292","AWG-0860-999-OS","GIRLS SHOULDER PURSE - MERMAID","UV PRINT","UV","2","Y","UNSUPPORTED_ROUTING"
"130137409","295","AWG-0859-999-OS","GIRLS SHOULDER PURSE - SEAHORSE","UV PRINT","UV","2","Y","UNSUPPORTED_ROUTING"
"130137409","51","AKB-0205-999-OS","BOYS KEYRING SC - COMBI LIVIN","UV PRINT","UV","2","Y","UNSUPPORTED_ROUTING"
"130137409","55","AKG-0256-999-OS","GIRLS KEYRING SC - KOALA MUM","UV PRINT","UV","11","Y","UNSUPPORTED_ROUTING"
"130137409","61","AKB-0265-999-OS","BOYS KEYRING SC - GOOD VIBES SHAKA","UV PRINT","UV","14","Y","UNSUPPORTED_ROUTING"
"130137409","64","AKG-0272-999-OS","GIRLS KEYRING SC - FOLK MERMAID","UV PRINT","UV","13","Y","UNSUPPORTED_ROUTING"
"130137413","207","AHG-2583-999-OS","GIRLS CIRCLE MAGNET - AUSSIE FUN","UV PRINT","UV","4","Y","UNSUPPORTED_ROUTING"
"130137413","209","AMM-0013-999-OS","MENS MAGNET - HERO ROO","UV PRINT","UV","9","Y","UNSUPPORTED_ROUTING"
"130137413","211","AHB-2528-999-OS","BOYS CIRCLE MAGNET - G'DAY DOWNUNDER","UV PRINT","UV","4","Y","UNSUPPORTED_ROUTING"
"130137413","213","AHB-2523-999-OS","BOYS CIRCLE MAGNET - HERE COMES TROUBLE","UV PRINT","UV","4","Y","UNSUPPORTED_ROUTING"
"130137413","77","AKG-0256-999-OS","GIRLS KEYRING SC - KOALA MUM","UV PRINT","UV","12","Y","UNSUPPORTED_ROUTING"
"130137413","80","AKG-0267-999-OS","GIRLS PLUSH KEYRING - FOLK MERMAID","UV PRINT","UV","2","Y","UNSUPPORTED_ROUTING"
"130137418","256","AHG-2559-999-OS","GIRLS CIRCLE MAGNET - SCENIC TURTLE","UV PRINT","UV","4","Y","UNSUPPORTED_ROUTING"
"130137418","258","AHL-2227-999-OS","WOMENS MAGNET - BEACH CLUB","UV PRINT","UV","5","Y","UNSUPPORTED_ROUTING"
"130137418","260","AHL-2401-999-OS","WOMENS MAGNET - SUNSHINE MIND","UV PRINT","UV","4","Y","UNSUPPORTED_ROUTING"
"130137418","262","AHM-2396-999-OS","MENS MAGNET - TRIBAL TURTLE","UV PRINT","UV","5","Y","UNSUPPORTED_ROUTING"
"130137418","264","AHG-2515-999-OS","GIRLS CIRCLE MAGNET - VITAMIN SEA","UV PRINT","UV","4","Y","UNSUPPORTED_ROUTING"
"130137418","266","AHG-2517-999-OS","GIRLS CIRCLE MAGNET - SCENIC CIRCLE","UV PRINT","UV","4","Y","UNSUPPORTED_ROUTING"
"130137418","268","AHG-2518-999-OS","GIRLS CIRCLE MAGNET - WHALE TAIL","UV PRINT","UV","6","Y","UNSUPPORTED_ROUTING"
"130137418","270","AHB-2534-999-OS","BOYS CIRCLE MAGNET - CHILLIN","UV PRINT","UV","4","Y","UNSUPPORTED_ROUTING"
"130137418","272","AHB-2535-999-OS","BOYS CIRCLE MAGNET - STAY SALTY","UV PRINT","UV","4","Y","UNSUPPORTED_ROUTING"
"130137418","284","TPG-0304-999-OS","GIRLS WATER GLOBE - FOLK MERMAID","UV PRINT","UV","2","Y","UNSUPPORTED_ROUTING"
"130137418","293","AJG-0157-400-OS","GIRLS COMPACT HAIRBRUSH - MERMAID","UV PRINT","UV","3","Y","UNSUPPORTED_ROUTING"
"130137418","295","AWG-0860-999-OS","GIRLS SHOULDER PURSE - MERMAID","UV PRINT","UV","3","Y","UNSUPPORTED_ROUTING"
"130137418","99","AKG-0266-999-OS","GIRLS PLUSH KEYRING - SEAHORSE","UV PRINT","UV","3","Y","UNSUPPORTED_ROUTING"
"130137419","210","AHB-2584-999-OS","BOYS CIRCLE MAGNET - WAVE JUMPER KANGA","UV PRINT","UV","4","Y","UNSUPPORTED_ROUTING"
"130137419","212","AHB-2586-999-OS","BOYS CIRCLE MAGNET - AUSSIE SURFARI","UV PRINT","UV","5","Y","UNSUPPORTED_ROUTING"
"130137419","214","AHB-2588-999-OS","BOYS CIRCLE MAGNET - AUSSIE ANIMALS","UV PRINT","UV","4","Y","UNSUPPORTED_ROUTING"
"130137419","216","AML-0015-999-OS","WOMENS MAGNET - HOLIDAY BAY","UV PRINT","UV","6","Y","UNSUPPORTED_ROUTING"
"130137419","218","AHG-2517-999-OS","GIRLS CIRCLE MAGNET - SCENIC CIRCLE","UV PRINT","UV","7","Y","UNSUPPORTED_ROUTING"
"130137419","220","AHG-2518-999-OS","GIRLS CIRCLE MAGNET - WHALE TAIL","UV PRINT","UV","4","Y","UNSUPPORTED_ROUTING"
"130137419","222","AHB-2520-999-OS","BOYS CIRCLE MAGNET - SHAKA VIBE","UV PRINT","UV","4","Y","UNSUPPORTED_ROUTING"
"130137419","224","AHB-2534-999-OS","BOYS CIRCLE MAGNET - CHILLIN","UV PRINT","UV","4","Y","UNSUPPORTED_ROUTING"
"130137419","230","TPG-0304-999-OS","GIRLS WATER GLOBE - FOLK MERMAID","UV PRINT","UV","2","Y","UNSUPPORTED_ROUTING"
"130137419","243","AJG-0159-400-OS","GIRLS COMPACT HAIRBRUSH - TURTLE","UV PRINT","UV","2","Y","UNSUPPORTED_ROUTING"
"130137419","245","AJG-0157-400-OS","GIRLS COMPACT HAIRBRUSH - MERMAID","UV PRINT","UV","4","Y","UNSUPPORTED_ROUTING"
"130137419","68","AKB-0261-999-OS","BOYS PLUSH KEYRING - SHARK","UV PRINT","UV","2","Y","UNSUPPORTED_ROUTING"
"130137421","201","AHB-2584-999-OS","BOYS CIRCLE MAGNET - WAVE JUMPER KANGA","UV PRINT","UV","4","Y","UNSUPPORTED_ROUTING"
"130137421","203","AHB-2588-999-OS","BOYS CIRCLE MAGNET - AUSSIE ANIMALS","UV PRINT","UV","4","Y","UNSUPPORTED_ROUTING"
"130137421","205","AHB-2596-999-OS","BOYS CIRCLE MAGNET - G'DAY AUSTRALIA","UV PRINT","UV","4","Y","UNSUPPORTED_ROUTING"
"130137421","207","AHB-2529-999-OS","BOYS CIRCLE MAGNET - AUSSIE MAP","UV PRINT","UV","4","Y","UNSUPPORTED_ROUTING"
"130137421","209","AHB-2519-999-OS","BOYS CIRCLE MAGNET - NO BAD DAYS","UV PRINT","UV","4","Y","UNSUPPORTED_ROUTING"
"130137421","211","AHB-2523-999-OS","BOYS CIRCLE MAGNET - HERE COMES TROUBLE","UV PRINT","UV","4","Y","UNSUPPORTED_ROUTING"
"130137421","218","AWG-0860-999-OS","GIRLS SHOULDER PURSE - MERMAID","UV PRINT","UV","2","Y","UNSUPPORTED_ROUTING"
"130137421","221","AWG-0859-999-OS","GIRLS SHOULDER PURSE - SEAHORSE","UV PRINT","UV","2","Y","UNSUPPORTED_ROUTING"
"130137421","54","AKG-0256-999-OS","GIRLS KEYRING SC - KOALA MUM","UV PRINT","UV","12","Y","UNSUPPORTED_ROUTING"
"130137422","207","AHB-2586-999-OS","BOYS CIRCLE MAGNET - AUSSIE SURFARI","UV PRINT","UV","4","Y","UNSUPPORTED_ROUTING"
"130137422","209","AHG-2580-999-OS","GIRLS CIRCLE MAGNET - AUSSIE BEACH FUN","UV PRINT","UV","6","Y","UNSUPPORTED_ROUTING"
"130137422","211","AHG-2581-999-OS","GIRLS CIRCLE MAGNET - AUSSIE KOALA","UV PRINT","UV","4","Y","UNSUPPORTED_ROUTING"
"130137422","213","AHB-2600-999-OS","BOYS CIRCLE MAGNET - ROTTNEST SURF RIDER","UV PRINT","UV","4","Y","UNSUPPORTED_ROUTING"
"130137422","215","AHL-2405-999-OS","WOMENS MAGNET - AUSSIE COLLECTION","UV PRINT","UV","4","Y","UNSUPPORTED_ROUTING"
"130137422","217","AHB-2528-999-OS","BOYS CIRCLE MAGNET - G'DAY DOWNUNDER","UV PRINT","UV","4","Y","UNSUPPORTED_ROUTING"
"130137422","219","AMG-0200-999-OS","GIRLS MAGNET SC - COMBI FUN","UV PRINT","UV","12","Y","UNSUPPORTED_ROUTING"
"130137422","222","AMB-0207-999-OS","BOYS MAGNET SC - COMBI LIVIN","UV PRINT","UV","19","Y","UNSUPPORTED_ROUTING"
"130137422","234","AJG-0160-400-OS","GIRLS COMPACT HAIRBRUSH - KOALA","UV PRINT","UV","2","Y","UNSUPPORTED_ROUTING"
"130137422","236","AJG-0158-400-OS","GIRLS COMPACT HAIRBRUSH - COCKATOO","UV PRINT","UV","2","Y","UNSUPPORTED_ROUTING"
"130137422","54","AKG-0256-999-OS","GIRLS KEYRING SC - KOALA MUM","UV PRINT","UV","12","Y","UNSUPPORTED_ROUTING"
"130137423","214","AHB-2584-999-OS","BOYS CIRCLE MAGNET - WAVE JUMPER KANGA","UV PRINT","UV","4","Y","UNSUPPORTED_ROUTING"
"130137423","216","AHG-2559-999-OS","GIRLS CIRCLE MAGNET - SCENIC TURTLE","UV PRINT","UV","4","Y","UNSUPPORTED_ROUTING"
"130137423","218","AHG-2562-999-OS","GIRLS CIRCLE MAGNET - FOLK MERMAID","UV PRINT","UV","5","Y","UNSUPPORTED_ROUTING"
"130137423","220","AHG-2566-999-OS","GIRLS CIRCLE MAGNET - BEACH BUM","UV PRINT","UV","4","Y","UNSUPPORTED_ROUTING"
"130137423","222","AML-0021-999-OS","WOMENS MAGNET - WAVE RAYS","UV PRINT","UV","4","Y","UNSUPPORTED_ROUTING"
"130137423","224","AHL-2227-999-OS","WOMENS MAGNET - BEACH CLUB","UV PRINT","UV","4","Y","UNSUPPORTED_ROUTING"
"130137423","226","AHL-2402-999-OS","WOMENS MAGNET - VACAY","UV PRINT","UV","6","Y","UNSUPPORTED_ROUTING"
"130137423","228","AHG-2515-999-OS","GIRLS CIRCLE MAGNET - VITAMIN SEA","UV PRINT","UV","6","Y","UNSUPPORTED_ROUTING"
"130137423","230","AHG-2517-999-OS","GIRLS CIRCLE MAGNET - SCENIC CIRCLE","UV PRINT","UV","5","Y","UNSUPPORTED_ROUTING"
"130137423","232","AHG-2518-999-OS","GIRLS CIRCLE MAGNET - WHALE TAIL","UV PRINT","UV","4","Y","UNSUPPORTED_ROUTING"
"130137423","234","AHB-2519-999-OS","BOYS CIRCLE MAGNET - NO BAD DAYS","UV PRINT","UV","5","Y","UNSUPPORTED_ROUTING"
"130137423","236","AHB-2521-999-OS","BOYS CIRCLE MAGNET - SURF SCENE","UV PRINT","UV","4","Y","UNSUPPORTED_ROUTING"
"130137423","238","AMB-0207-999-OS","BOYS MAGNET SC - COMBI LIVIN","UV PRINT","UV","9","Y","UNSUPPORTED_ROUTING"
"130137423","241","AHB-2534-999-OS","BOYS CIRCLE MAGNET - CHILLIN","UV PRINT","UV","6","Y","UNSUPPORTED_ROUTING"
"130137423","243","AHG-2514-999-OS","GIRLS CIRCLE MAGNET - GOOD VIBES","UV PRINT","UV","6","Y","UNSUPPORTED_ROUTING"
"130137423","260","AJG-0160-400-OS","GIRLS COMPACT HAIRBRUSH - KOALA","UV PRINT","UV","2","Y","UNSUPPORTED_ROUTING"
"130137423","262","AJG-0157-400-OS","GIRLS COMPACT HAIRBRUSH - MERMAID","UV PRINT","UV","3","Y","UNSUPPORTED_ROUTING"
"130137424","122","AHB-2584-999-OS","BOYS CIRCLE MAGNET - WAVE JUMPER KANGA","UV PRINT","UV","5","Y","UNSUPPORTED_ROUTING"
"130137424","124","AHB-2586-999-OS","BOYS CIRCLE MAGNET - AUSSIE SURFARI","UV PRINT","UV","10","Y","UNSUPPORTED_ROUTING"
"130137424","126","AHG-2583-999-OS","GIRLS CIRCLE MAGNET - AUSSIE FUN","UV PRINT","UV","4","Y","UNSUPPORTED_ROUTING"
"130137424","128","AHG-2598-999-OS","GIRLS CIRCLE MAGNET - MERMAID  TALES","UV PRINT","UV","4","Y","UNSUPPORTED_ROUTING"
"130137424","130","AHL-2402-999-OS","WOMENS MAGNET - VACAY","UV PRINT","UV","4","Y","UNSUPPORTED_ROUTING"
"130137424","132","AHG-2515-999-OS","GIRLS CIRCLE MAGNET - VITAMIN SEA","UV PRINT","UV","6","Y","UNSUPPORTED_ROUTING"
"130137424","134","AHG-2518-999-OS","GIRLS CIRCLE MAGNET - WHALE TAIL","UV PRINT","UV","4","Y","UNSUPPORTED_ROUTING"
"130137424","136","AHB-2528-999-OS","BOYS CIRCLE MAGNET - G'DAY DOWNUNDER","UV PRINT","UV","4","Y","UNSUPPORTED_ROUTING"
"130137424","138","AHB-2519-999-OS","BOYS CIRCLE MAGNET - NO BAD DAYS","UV PRINT","UV","4","Y","UNSUPPORTED_ROUTING"
"130137424","140","AHB-2523-999-OS","BOYS CIRCLE MAGNET - HERE COMES TROUBLE","UV PRINT","UV","4","Y","UNSUPPORTED_ROUTING"
"130137425","138","AHB-2596-999-OS","BOYS CIRCLE MAGNET - G'DAY AUSTRALIA","UV PRINT","UV","4","Y","UNSUPPORTED_ROUTING"
"130137425","140","AML-0010-999-OS","WOMENS MAGNET - AUS RISE","UV PRINT","UV","4","Y","UNSUPPORTED_ROUTING"
"130137425","142","AMM-0010-999-OS","MENS MAGNET - LUCKY COUNTRY","UV PRINT","UV","4","Y","UNSUPPORTED_ROUTING"
"130137425","144","AMM-0013-999-OS","MENS MAGNET - HERO ROO","UV PRINT","UV","7","Y","UNSUPPORTED_ROUTING"
"130137425","146","AHL-2405-999-OS","WOMENS MAGNET - AUSSIE COLLECTION","UV PRINT","UV","5","Y","UNSUPPORTED_ROUTING"
"130137426","147","AHG-2565-999-OS","GIRLS CIRCLE MAGNET - SALTY SOULS","UV PRINT","UV","4","Y","UNSUPPORTED_ROUTING"
"130137426","149","AHG-2566-999-OS","GIRLS CIRCLE MAGNET - BEACH BUM","UV PRINT","UV","4","Y","UNSUPPORTED_ROUTING"
"130137426","151","AML-0015-999-OS","WOMENS MAGNET - HOLIDAY BAY","UV PRINT","UV","5","Y","UNSUPPORTED_ROUTING"
"130137426","153","AHM-2396-999-OS","MENS MAGNET - TRIBAL TURTLE","UV PRINT","UV","6","Y","UNSUPPORTED_ROUTING"
"130137426","155","AHG-2515-999-OS","GIRLS CIRCLE MAGNET - VITAMIN SEA","UV PRINT","UV","4","Y","UNSUPPORTED_ROUTING"
"130137426","157","AHG-2516-999-OS","GIRLS CIRCLE MAGNET - FREE BY THE SEA","UV PRINT","UV","4","Y","UNSUPPORTED_ROUTING"
"130137426","159","AHG-2517-999-OS","GIRLS CIRCLE MAGNET - SCENIC CIRCLE","UV PRINT","UV","4","Y","UNSUPPORTED_ROUTING"
"130137426","161","AHB-2519-999-OS","BOYS CIRCLE MAGNET - NO BAD DAYS","UV PRINT","UV","4","Y","UNSUPPORTED_ROUTING"
"130137426","163","AHB-2521-999-OS","BOYS CIRCLE MAGNET - SURF SCENE","UV PRINT","UV","4","Y","UNSUPPORTED_ROUTING"
"130137426","165","AHB-2534-999-OS","BOYS CIRCLE MAGNET - CHILLIN","UV PRINT","UV","4","Y","UNSUPPORTED_ROUTING"
"130137426","167","AHG-2514-999-OS","GIRLS CIRCLE MAGNET - GOOD VIBES","UV PRINT","UV","4","Y","UNSUPPORTED_ROUTING"
"130137426","178","AJG-0157-400-OS","GIRLS COMPACT HAIRBRUSH - MERMAID","UV PRINT","UV","2","Y","UNSUPPORTED_ROUTING"
"130137426","180","AWG-0860-999-OS","GIRLS SHOULDER PURSE - MERMAID","UV PRINT","UV","2","Y","UNSUPPORTED_ROUTING"
"130137426","40","AKG-0267-999-OS","GIRLS PLUSH KEYRING - FOLK MERMAID","UV PRINT","UV","2","Y","UNSUPPORTED_ROUTING"
"130137427","124","AHG-2581-999-OS","GIRLS CIRCLE MAGNET - AUSSIE KOALA","UV PRINT","UV","4","Y","UNSUPPORTED_ROUTING"
"130137427","126","AHB-2599-999-OS","BOYS CIRCLE MAGNET - ROTTNEST SURF GROM","UV PRINT","UV","4","Y","UNSUPPORTED_ROUTING"
"130137427","128","AML-0009-999-OS","WOMENS MAGNET - KOALA","UV PRINT","UV","3","Y","UNSUPPORTED_ROUTING"
"130137427","130","AMM-0010-999-OS","MENS MAGNET - LUCKY COUNTRY","UV PRINT","UV","4","Y","UNSUPPORTED_ROUTING"
"130137427","132","AMM-0013-999-OS","MENS MAGNET - HERO ROO","UV PRINT","UV","9","Y","UNSUPPORTED_ROUTING"
"130137427","134","AHL-2406-999-OS","WOMENS MAGNET - TWO KOALAS","UV PRINT","UV","4","Y","UNSUPPORTED_ROUTING"
"130137427","136","AHB-2528-999-OS","BOYS CIRCLE MAGNET - G'DAY DOWNUNDER","UV PRINT","UV","4","Y","UNSUPPORTED_ROUTING"
"130137427","138","AHG-2525-999-OS","GIRLS CIRCLE MAGNET - AUSTRALIA","UV PRINT","UV","4","Y","UNSUPPORTED_ROUTING"
"130137427","140","AHG-2526-999-OS","GIRLS CIRCLE MAGNET - PRETTY KANGAROO","UV PRINT","UV","4","Y","UNSUPPORTED_ROUTING"
"130137427","149","AJG-0160-400-OS","GIRLS COMPACT HAIRBRUSH - KOALA","UV PRINT","UV","2","Y","UNSUPPORTED_ROUTING"
"130137428","107","AHB-2586-999-OS","BOYS CIRCLE MAGNET - AUSSIE SURFARI","UV PRINT","UV","5","Y","UNSUPPORTED_ROUTING"
"130137428","109","AHG-2563-999-OS","GIRLS CIRCLE MAGNET - REEF FISH","UV PRINT","UV","4","Y","UNSUPPORTED_ROUTING"
"130137428","111","AHG-2566-999-OS","GIRLS CIRCLE MAGNET - BEACH BUM","UV PRINT","UV","4","Y","UNSUPPORTED_ROUTING"
"130137428","113","AML-0001-999-OS","WOMENS MAGNET - SWELL","UV PRINT","UV","4","Y","UNSUPPORTED_ROUTING"
"130137428","115","AML-0009-999-OS","WOMENS MAGNET - KOALA","UV PRINT","UV","7","Y","UNSUPPORTED_ROUTING"
"130137428","117","AML-0021-999-OS","WOMENS MAGNET - WAVE RAYS","UV PRINT","UV","4","Y","UNSUPPORTED_ROUTING"
"130137428","119","AHB-2519-999-OS","BOYS CIRCLE MAGNET - NO BAD DAYS","UV PRINT","UV","4","Y","UNSUPPORTED_ROUTING"
"130137428","132","AJG-0159-400-OS","GIRLS COMPACT HAIRBRUSH - TURTLE","UV PRINT","UV","2","Y","UNSUPPORTED_ROUTING"
"130137428","134","AJG-0157-400-OS","GIRLS COMPACT HAIRBRUSH - MERMAID","UV PRINT","UV","2","Y","UNSUPPORTED_ROUTING"
"130137428","136","AWG-0860-999-OS","GIRLS SHOULDER PURSE - MERMAID","UV PRINT","UV","2","Y","UNSUPPORTED_ROUTING"
"130137429","112","AML-0015-999-OS","WOMENS MAGNET - HOLIDAY BAY","UV PRINT","UV","4","Y","UNSUPPORTED_ROUTING"
"130137429","114","AHG-2518-999-OS","GIRLS CIRCLE MAGNET - WHALE TAIL","UV PRINT","UV","8","Y","UNSUPPORTED_ROUTING"
"130137429","116","AHB-2520-999-OS","BOYS CIRCLE MAGNET - SHAKA VIBE","UV PRINT","UV","4","Y","UNSUPPORTED_ROUTING"
"130137430","100","AHB-2586-999-OS","BOYS CIRCLE MAGNET - AUSSIE SURFARI","UV PRINT","UV","4","Y","UNSUPPORTED_ROUTING"
"130137430","102","AHB-2588-999-OS","BOYS CIRCLE MAGNET - AUSSIE ANIMALS","UV PRINT","UV","4","Y","UNSUPPORTED_ROUTING"
"130137430","104","AHB-2596-999-OS","BOYS CIRCLE MAGNET - G'DAY AUSTRALIA","UV PRINT","UV","6","Y","UNSUPPORTED_ROUTING"
"130137430","106","AHG-2581-999-OS","GIRLS CIRCLE MAGNET - AUSSIE KOALA","UV PRINT","UV","4","Y","UNSUPPORTED_ROUTING"
"130137430","108","AMM-0010-999-OS","MENS MAGNET - LUCKY COUNTRY","UV PRINT","UV","4","Y","UNSUPPORTED_ROUTING"
"130137430","110","AHG-2525-999-OS","GIRLS CIRCLE MAGNET - AUSTRALIA","UV PRINT","UV","4","Y","UNSUPPORTED_ROUTING"
"130137430","112","AHB-2519-999-OS","BOYS CIRCLE MAGNET - NO BAD DAYS","UV PRINT","UV","4","Y","UNSUPPORTED_ROUTING"
"130137430","114","AHB-2534-999-OS","BOYS CIRCLE MAGNET - CHILLIN","UV PRINT","UV","4","Y","UNSUPPORTED_ROUTING"
"130137431","23","AKB-0263-999-OS","BOYS PLUSH KEYRING - COMBI","UV PRINT","UV","2","Y","UNSUPPORTED_ROUTING"
"130137431","84","AHB-2585-999-OS","BOYS CIRCLE MAGNET - SURFING KOALA","UV PRINT","UV","4","Y","UNSUPPORTED_ROUTING"
"130137431","86","AHG-2580-999-OS","GIRLS CIRCLE MAGNET - AUSSIE BEACH FUN","UV PRINT","UV","4","Y","UNSUPPORTED_ROUTING"
"130137431","88","AHG-2581-999-OS","GIRLS CIRCLE MAGNET - AUSSIE KOALA","UV PRINT","UV","4","Y","UNSUPPORTED_ROUTING"
"130137431","90","AHG-2582-999-OS","GIRLS CIRCLE MAGNET - AUSSIE SCENIC","UV PRINT","UV","4","Y","UNSUPPORTED_ROUTING"
"130137431","92","AML-0009-999-OS","WOMENS MAGNET - KOALA","UV PRINT","UV","4","Y","UNSUPPORTED_ROUTING"
"130137431","94","AMM-0010-999-OS","MENS MAGNET - LUCKY COUNTRY","UV PRINT","UV","4","Y","UNSUPPORTED_ROUTING"
"130137431","96","AHB-2519-999-OS","BOYS CIRCLE MAGNET - NO BAD DAYS","UV PRINT","UV","5","Y","UNSUPPORTED_ROUTING"
"130136666","1","VCU-4388-999-OS","W - POS - MODULAR KIT - MIXED 0826","VISUAL","VM","0","Y","UNSUPPORTED_ROUTING"
"130136666","2","VCU-4389-999-OS","W - POS - MODULAR KIT - W & U 0826","VISUAL","VM","0","Y","UNSUPPORTED_ROUTING"
